-0.176572805843,-0.183488048266,-0.190519130059,-0.19753292463699998,-0.210763624297,-0.222967776535,-0.234142587869,-0.251373761069,-0.264248052251,-0.273490762132,-0.284814699504,-0.29255822412500004,-0.29703191935100004,-0.300620630466,-0.304743993086,-0.30662802488199997,-0.307562525607,-0.309464331998,-0.311918831806,-0.313160687741,-0.311899241509,-0.314125833405,-0.314867964832,-0.314125321214,-0.31507894940099995,-0.318569546725,-0.316788361536,-0.31381358242199997,-0.314047025725,-0.311338956987,-0.31131886857700003,-0.30759923703299996,-0.303074751076,-0.30485598723299995,-0.301386961886,-0.298871308017,-0.29455139515100004,-0.290958576018,-0.284990338381,-0.275171913769,-0.26914428866199996,-0.25697443087399996,-0.245627387643,-0.239992288371,-0.236521904359,-0.231570028712,-0.226944213997,-0.223404425039,-0.218249139374,-0.218270149744,-0.213587570397
-0.177382701998,-0.186384637915,-0.19260356502200002,-0.199681753281,-0.213039132213,-0.22538644390200002,-0.23667495585,-0.25410428699000004,-0.26713314304900004,-0.27649032173899996,-0.287942614583,-0.29563558074499996,-0.30016856799200003,-0.30386066104299997,-0.30803718176100003,-0.30995301886500004,-0.310893072868,-0.312844092174,-0.315312734383,-0.316584359559,-0.315401980927,-0.317639445554,-0.318360230946,-0.317617862505,-0.318573225025,-0.322052841269,-0.320285604369,-0.31723458838900004,-0.317443154684,-0.314680446827,-0.314677501204,-0.31095194017899996,-0.30635684826799997,-0.30812624258599997,-0.304507835087,-0.30201940592300003,-0.297720471632,-0.294009915245,-0.287850991493,-0.278060064362,-0.27192472879199997,-0.259654692867,-0.248200387699,-0.24248976298000002,-0.238891651825,-0.233880722347,-0.22920590887199999,-0.225744399904,-0.220487488198,-0.220497400284,-0.215745505157
-0.177740588588,-0.185805736292,-0.193942716602,-0.200141453291,-0.213557966733,-0.225953217305,-0.23727721963999998,-0.254760348422,-0.26783433641,-0.277220366212,-0.28872420360100004,-0.296400735072,-0.30092396549100003,-0.304652764874,-0.308843963879,-0.310770423105,-0.31170568948,-0.313656998709,-0.31614537192,-0.317412776919,-0.31625571116199996,-0.31848795912100003,-0.319196086166,-0.318463129818,-0.319420882831,-0.322919198904,-0.32115464230900004,-0.31807827301200003,-0.31828593967200003,-0.31550685293,-0.315519855661,-0.311793052412,-0.30720040880000005,-0.308973324997,-0.30533455187299996,-0.30284447208599996,-0.298517928786,-0.29479657196700004,-0.288610827338,-0.278770174167,-0.27263159236699996,-0.260312707687,-0.24882055859100002,-0.243100455821,-0.239463432517,-0.23444046524700002,-0.229746284725,-0.226271293711,-0.221040890004,-0.221027389647,-0.216274094297
-0.17751391471400002,-0.185579381638,-0.192796470207,-0.20083056829499998,-0.21340488358,-0.225825811746,-0.237110376559,-0.254599307021,-0.267693116548,-0.277105632874,-0.288604361328,-0.296207626052,-0.300748117649,-0.30452014454,-0.30870223796199997,-0.3106350763,-0.311557751496,-0.313496167546,-0.316018598605,-0.317247472049,-0.316162933559,-0.318356657481,-0.319033256104,-0.318328298066,-0.319264639863,-0.32279154370700003,-0.32101909051599997,-0.317914485192,-0.31810010884,-0.315300859317,-0.31531977137399997,-0.31162524722,-0.307058206211,-0.308794117494,-0.30511798074,-0.302655013875,-0.298299569574,-0.294550033032,-0.288298855485,-0.278473266335,-0.27233149672,-0.26002771811700004,-0.24851435469200003,-0.24278139040699998,-0.23910175744599999,-0.234091097385,-0.229384351624,-0.225900458924,-0.22074430295699998,-0.220688547755,-0.215953676185
-0.177000013852,-0.1850602372,-0.192201755199,-0.19937099705800002,-0.21370272878500002,-0.22536382522999998,-0.236558395591,-0.25403550177199996,-0.267170756415,-0.27657853560699996,-0.28799988179,-0.29553757225,-0.300079258971,-0.303865296288,-0.308166038291,-0.309988219099,-0.31078324757500003,-0.3127962431,-0.315374296479,-0.316446155824,-0.315561679187,-0.317689945756,-0.31830296816500003,-0.31762403168000003,-0.318537259967,-0.322026914764,-0.320278954083,-0.31718884860299995,-0.317280880918,-0.314491884771,-0.314530811726,-0.31089896861300004,-0.30626380160100003,-0.308035729565,-0.30423035981,-0.301809648639,-0.297328485321,-0.293646752786,-0.287242982401,-0.277502321417,-0.271376546928,-0.259209245657,-0.24760916986800002,-0.241792313088,-0.238095892867,-0.233124905159,-0.228381980754,-0.224873283417,-0.219856858324,-0.21975088630499998,-0.21504620483
-0.17628895431699998,-0.184244227033,-0.191621016044,-0.198666407863,-0.212175436112,-0.225601789243,-0.23613154682,-0.25330704547099997,-0.266523539758,-0.275967479126,-0.287362391318,-0.29481836580099996,-0.299568116376,-0.303137525758,-0.307470354552,-0.30939736985599997,-0.310026661828,-0.312283273634,-0.31469334083,-0.31562295649,-0.315026013765,-0.317011330335,-0.317692137299,-0.31683826294,-0.31775459946699997,-0.321100847735,-0.31963479248,-0.316398885661,-0.316306438957,-0.313634384765,-0.313616908934,-0.310014970722,-0.305382208753,-0.306984448919,-0.302950941962,-0.300837891967,-0.29626475146299996,-0.29255016331,-0.28601707853,-0.276178310232,-0.270188944887,-0.258036261948,-0.24639273501300002,-0.240808578953,-0.236814854834,-0.231858739559,-0.22708000886899998,-0.223756480251,-0.218612978291,-0.21836959220899999,-0.213858716403
-0.17393039483699999,-0.181225617719,-0.18941465525099999,-0.195734456647,-0.20850632008699999,-0.221868472436,-0.233787522945,-0.24905663972,-0.262430272899,-0.27170850093800003,-0.282783518354,-0.289825233461,-0.294467410155,-0.29850524012199997,-0.302761948563,-0.30446342071300003,-0.305613946184,-0.308440428586,-0.310868224406,-0.31161908395,-0.31201526879200003,-0.31359502304700004,-0.314185636695,-0.312986589209,-0.31428738406199996,-0.317388612893,-0.316731878277,-0.31188611038200004,-0.312033906278,-0.309904711297,-0.309994100984,-0.306563033676,-0.302266136302,-0.303683900675,-0.29885939586800003,-0.297782579364,-0.29357132321199997,-0.28911079477699997,-0.282123564733,-0.273549453511,-0.267126330024,-0.254871890405,-0.243471572915,-0.238702508505,-0.233483550886,-0.2287407115,-0.22394101036,-0.22209880317,-0.21608483843,-0.216215985747,-0.211436494149
-0.164905163268,-0.172427942392,-0.180418175829,-0.18544596267,-0.197054863699,-0.21031294441200002,-0.22102198863,-0.233411176123,-0.24598546779700003,-0.254531789651,-0.26527825858200005,-0.26927575445999996,-0.272443804558,-0.27968628048300004,-0.283423756021,-0.28469513094,-0.287745084825,-0.291749022132,-0.294851860296,-0.294541842268,-0.298953569581,-0.299597968284,-0.29990114935,-0.299290615646,-0.299663605062,-0.304467683612,-0.304309448875,-0.295279756756,-0.297105353032,-0.29497864919300004,-0.296617661043,-0.29346430334699997,-0.290586520399,-0.29143143726599996,-0.286097781742,-0.288273149805,-0.284415325441,-0.277846217735,-0.270561543536,-0.26624977243,-0.257977900837,-0.245858209443,-0.23559476044,-0.23088953653,-0.22366927610499998,-0.21858635481000002,-0.214811252954,-0.21692105531400002,-0.21015958231100001,-0.211604374733,-0.205152946898
-0.143160210234,-0.156079253017,-0.155589778212,-0.161364670021,-0.173839291116,-0.181374664389,-0.18460688799699998,-0.195107746088,-0.204221050565,-0.210219827216,-0.220411497151,-0.210430798761,-0.21712164782600002,-0.22442983769,-0.232731673083,-0.235737956828,-0.231908474889,-0.237896091421,-0.24460062074199998,-0.24912862661299998,-0.25372690429,-0.25806975879599997,-0.251186941108,-0.256715306083,-0.25289171282,-0.25980610863700004,-0.262456154511,-0.255390442896,-0.260335072259,-0.249524216039,-0.254429899602,-0.256645582837,-0.26036015127199996,-0.259487637813,-0.25324070279300004,-0.25623462438199995,-0.24781613522199997,-0.24875122413500003,-0.23522564746,-0.235097634201,-0.223872363883,-0.220742179627,-0.204887678459,-0.201755974291,-0.196757156057,-0.19004463478900002,-0.186630025916,-0.185820827683,-0.190317661096,-0.18466333876899999,-0.184427335286
-0.150396685228,-0.154930933544,-0.161816416621,-0.167410046161,-0.179885254656,-0.195961311147,-0.19589372866899998,-0.21139990631699998,-0.223118885127,-0.2316638497,-0.24263394355,-0.242539030878,-0.242873229921,-0.258116345734,-0.25898711738900004,-0.260577928287,-0.256645675957,-0.259816047704,-0.268540943265,-0.26382413215,-0.261688839467,-0.273763509649,-0.269764025337,-0.271454056286,-0.265275289494,-0.26681522732100005,-0.26748578859600003,-0.265459657082,-0.26895034093,-0.266274771202,-0.26120801048799996,-0.26638111867200004,-0.26561224033999997,-0.256782730151,-0.26225690531,-0.25719149922199996,-0.251638085598,-0.249029584387,-0.24430433620500003,-0.221770950023,-0.224050800365,-0.217122359087,-0.203155956006,-0.19742897266599999,-0.190155327812,-0.193339980287,-0.18240234350099999,-0.177135229436,-0.177487615765,-0.174064357755,-0.177892747088
-0.145375371946,-0.14442944345,-0.163668115747,-0.158184769304,-0.159975336428,-0.176663506112,-0.18882816461,-0.19345870724199998,-0.203076713084,-0.222750982193,-0.227013578151,-0.236851545014,-0.244343560638,-0.253563570659,-0.264437548091,-0.260979719339,-0.263411989266,-0.27325896756,-0.272827106874,-0.271590139758,-0.280510436423,-0.277407833722,-0.28111586638299996,-0.278193349835,-0.274589629341,-0.277892871891,-0.282302001427,-0.269877664905,-0.275088255409,-0.27755825887,-0.276779441137,-0.269859960487,-0.269998719583,-0.26766861989,-0.259355314332,-0.26167425935800004,-0.256015429483,-0.24923628397399997,-0.24830348666000002,-0.24132802817500001,-0.231611506752,-0.224215086358,-0.21261565671,-0.21194597889300001,-0.203553420421,-0.20882410774600002,-0.19654728795399998,-0.192891508656,-0.187258143184,-0.199035016224,-0.19389080166199998
-0.0925828631322,-0.0910540642326,-0.101901952973,-0.0999763853906,-0.11555152146099999,-0.11385383747700001,-0.104963359402,-0.10722045153700001,-0.12540761676700002,-0.115337438116,-0.115401538036,-0.13299039246699998,-0.13142962108200001,-0.149032720049,-0.152088250058,-0.154276695751,-0.160600177351,-0.164309597779,-0.170496210976,-0.178930712488,-0.16690961822,-0.184818030587,-0.17625873521,-0.19339625312,-0.17226404907600001,-0.18047405404400002,-0.19051915411200002,-0.171318181959,-0.189678632408,-0.16929085595600002,-0.179700244874,-0.18140508964899998,-0.203069882755,-0.182242183255,-0.18577604498199998,-0.181134069802,-0.17039006360700001,-0.169099889087,-0.156523280202,-0.158440602366,-0.14750876035299998,-0.16121628924,-0.158688977948,-0.141257354717,-0.1412365872,-0.137910092259,-0.135126195576,-0.12609210903999998,-0.143749043248,-0.12758837856400002,-0.127039426413
-0.11138547874,-0.115760119958,-0.115348822789,-0.12543416888900003,-0.123791621512,-0.130310818974,-0.140089892454,-0.153565119751,-0.164408862893,-0.17070064433899998,-0.187750737568,-0.18137160851099998,-0.218435314807,-0.22092535504900002,-0.232341197971,-0.241311754841,-0.23589870043,-0.242576255187,-0.244577600279,-0.241274128172,-0.253269430638,-0.247892217849,-0.250334537783,-0.254070800523,-0.258321685681,-0.25148483876100003,-0.249461713587,-0.259304798771,-0.24575087804500004,-0.255149445426,-0.23848535757400002,-0.237952045348,-0.218991744083,-0.227652797682,-0.219985356446,-0.228443551999,-0.215138855547,-0.210479541608,-0.210692818643,-0.196419379669,-0.191764018503,-0.183336822629,-0.18006599166300002,-0.182100499496,-0.175290819964,-0.166633046501,-0.163804896686,-0.156979615064,-0.157029890379,-0.148400426685,-0.16905950890500002
-0.11311932991399999,-0.104427716506,-0.12567933523900002,-0.125793530612,-0.152562709197,-0.154255457643,-0.147514468566,-0.169553071058,-0.17134900726299998,-0.181044264676,-0.20092669049800002,-0.21698183962099998,-0.21550867818699998,-0.247011607413,-0.249212847727,-0.262672721644,-0.29270940677900004,-0.272743763374,-0.28105617345,-0.28824539213600003,-0.270480462041,-0.28791331929799996,-0.28137366861,-0.286992299267,-0.286455875594,-0.277407503557,-0.276672838991,-0.279966647795,-0.272386379596,-0.27554751478100004,-0.272856272331,-0.257513855983,-0.247331059478,-0.236287148321,-0.25232250522099997,-0.22336245584800002,-0.235993068321,-0.222281607888,-0.219337609263,-0.212220079654,-0.20722980209000003,-0.20581266077600002,-0.188600936799,-0.19212942175699999,-0.176859187904,-0.175178617859,-0.185746583405,-0.176954032601,-0.165795689324,-0.163618264093,-0.164062252188
-0.11123647154800001,-0.111446237309,-0.115740739863,-0.112363116781,-0.119063441264,-0.136331850802,-0.145342324862,-0.13603329981700002,-0.16227536497700001,-0.16816154512800002,-0.173728320848,-0.186905907043,-0.19997191148500001,-0.206981870463,-0.235696849613,-0.241377955566,-0.255962639118,-0.262287336318,-0.260490216642,-0.25678588539400005,-0.279997665123,-0.255583638579,-0.27481597057,-0.278055099801,-0.274550206395,-0.270458304058,-0.279720991427,-0.262201979513,-0.25959833477800004,-0.255366333198,-0.25748817254399997,-0.261188773596,-0.232824531176,-0.222918049373,-0.21996998487,-0.225922505906,-0.213159723583,-0.206351655555,-0.217258313338,-0.208794226122,-0.19629936288199998,-0.190581861819,-0.187768328433,-0.185175999383,-0.17061237843000002,-0.182701134454,-0.169705858819,-0.16443396591099999,-0.179356727652,-0.155900621279,-0.16577195711499998
-0.12787713397,-0.117261251459,-0.126882110865,-0.12667279521900002,-0.130799793557,-0.144423942729,-0.14657700656900002,-0.15534113884599998,-0.160993866169,-0.171343624497,-0.176506323326,-0.174858344023,-0.184933768396,-0.18706210964099998,-0.18734017522899998,-0.204993723037,-0.239214459149,-0.242711048522,-0.254572523257,-0.263251647539,-0.252972747858,-0.265026616016,-0.26311389004499997,-0.278438109356,-0.26379609247700003,-0.257118707286,-0.264794733769,-0.251948337215,-0.263626482768,-0.24660148335299997,-0.254595870568,-0.24874595675999997,-0.24917402086399998,-0.23674763746400002,-0.241246533236,-0.234851455092,-0.233919092795,-0.223928528982,-0.208949606313,-0.20528739313400002,-0.198960988516,-0.208916597373,-0.19274863123400002,-0.194419184196,-0.181170651043,-0.181443528175,-0.18296045586499998,-0.17912630053,-0.176485490659,-0.187049631932,-0.180513828885
-0.10097028168,-0.10607022679299999,-0.120192137686,-0.125789096146,-0.116888308476,-0.12359620125300001,-0.146599826937,-0.156700385457,-0.15577075523300002,-0.157068386822,-0.175452448317,-0.169068912425,-0.18190474139100002,-0.181127536744,-0.203694439582,-0.199933236436,-0.219438443194,-0.241983846099,-0.24781544442400003,-0.25308302715200004,-0.250269522985,-0.25953844632899997,-0.271913605999,-0.260652364717,-0.260876329424,-0.25333546113,-0.251763081766,-0.263425603074,-0.250438087793,-0.263313965473,-0.250587465058,-0.24510853811699998,-0.24070868231599998,-0.222382508309,-0.224331799333,-0.227929281821,-0.218923625835,-0.215782943809,-0.218207880116,-0.203968834636,-0.20236509993399998,-0.17817024059699998,-0.18669936849000002,-0.178509151441,-0.174663149646,-0.170141519047,-0.17589378820700002,-0.17161640392,-0.160430882255,-0.150921378287,-0.16822051097399998
-0.0972819865577,-0.11158945754999999,-0.11207772317600001,-0.112203093674,-0.12842620051700002,-0.131464156026,-0.12774068480200002,-0.145574089056,-0.150018132996,-0.148691669504,-0.14604814887800002,-0.158612006799,-0.163796153089,-0.174953715256,-0.168240921588,-0.186228282067,-0.18228606846,-0.19520287040599998,-0.22287621495100002,-0.224826593773,-0.23406674989600001,-0.23165281520099998,-0.235197138645,-0.240622785089,-0.24715429529,-0.238534040994,-0.237358056305,-0.251171679805,-0.241206971981,-0.23416487665,-0.24301753126599998,-0.240291140805,-0.236791043426,-0.235598737436,-0.23112166467999998,-0.217178436178,-0.20347035349,-0.209487819848,-0.199801043254,-0.203988566179,-0.19035144432599999,-0.196764865347,-0.19012880482500003,-0.174773982059,-0.187002979692,-0.180021396876,-0.17474852513900002,-0.172870449939,-0.168469484021,-0.164848083647,-0.158872902327
-0.0959771075577,-0.107793020901,-0.10127268522399999,-0.11140873596300001,-0.112829925383,-0.117200337857,-0.125246916905,-0.12690272188899998,-0.143109752086,-0.145113037785,-0.14338318459799998,-0.163600376703,-0.158513799979,-0.15755614262200002,-0.16475536920599998,-0.168473040958,-0.179379400094,-0.172260113814,-0.188978110145,-0.20389454427800002,-0.205833672208,-0.215721442558,-0.22863934983099998,-0.216272303984,-0.23055480137099998,-0.22398418247000002,-0.22477551961199999,-0.221003286491,-0.217295969026,-0.228374945157,-0.219929370669,-0.205576487472,-0.194806228707,-0.188865052108,-0.209171699395,-0.187821077404,-0.197533913712,-0.194885988925,-0.186472921232,-0.172150459275,-0.16650805959200002,-0.161240859895,-0.16782576671199997,-0.17169103875299999,-0.158019081039,-0.156722830006,-0.159844898456,-0.152751562042,-0.14163634388100002,-0.146314124628,-0.147327205117
-0.0757149641201,-0.0732704947586,-0.0787129692981,-0.0822245753564,-0.0843256789024,-0.0802253987119,-0.0793137475557,-0.09267927437880001,-0.0945442657151,-0.100040328434,-0.10036222992,-0.102967232773,-0.103386095143,-0.111266335358,-0.107552703782,-0.12424792287400001,-0.116206953917,-0.113690074398,-0.115061917786,-0.138705103206,-0.148940603588,-0.157393518954,-0.163958196942,-0.168114021708,-0.164023812161,-0.160524578496,-0.16568084122500001,-0.169100754974,-0.17444895373000002,-0.16595532695,-0.168062480364,-0.153794511225,-0.161138551108,-0.16299850208,-0.15305374016599999,-0.147616439845,-0.141509189592,-0.14399111431,-0.15161410099,-0.150281652689,-0.134957956549,-0.141146150157,-0.125336460642,-0.128400973723,-0.11763904836099999,-0.126572703363,-0.120483365445,-0.126168724,-0.11682188746500001,-0.12253182386599999,-0.114508515338
-0.061193471804800004,-0.055886766743499995,-0.0628238782519,-0.0612311312276,-0.06381767999,-0.07398117448250001,-0.07842785604229999,-0.07837988335570001,-0.079323322534,-0.0792047628935,-0.09124100214349999,-0.0838869088633,-0.0881358869871,-0.0893429626255,-0.0843877497391,-0.0894965834292,-0.0944924082736,-0.0921921857116,-0.099230458618,-0.09426582467309999,-0.119241631849,-0.12844391034699998,-0.128932654673,-0.133557893472,-0.142124764776,-0.137651612834,-0.139934688374,-0.130114358047,-0.13498508376899998,-0.135220074493,-0.128954201761,-0.13670851796,-0.12887753806399999,-0.133720581058,-0.123113411519,-0.12483272961000001,-0.128585669245,-0.12255783468699999,-0.112681318587,-0.121363179669,-0.11201504511799999,-0.11469633495800001,-0.106194419071,-0.10866602447399999,-0.110094544358,-0.10232388113799999,-0.104134649537,-0.11261207853699999,-0.108909938259,-0.0992692259873,-0.0969952197071
-0.10046516577600001,-0.0974624860586,-0.10675788389,-0.108557002031,-0.112974470464,-0.116919696281,-0.12408204809300001,-0.13239028655600002,-0.133832220611,-0.140667615054,-0.153470439503,-0.152331611619,-0.150487056271,-0.155499110888,-0.162367858587,-0.153966364032,-0.164595654478,-0.16920324871800002,-0.17084804535700002,-0.17802497759799998,-0.178872146959,-0.199471034084,-0.205799528418,-0.205904489846,-0.216223436543,-0.213639802969,-0.217413591439,-0.216649702728,-0.215182464726,-0.215492552173,-0.208942300803,-0.214267520578,-0.204883357934,-0.20591288594,-0.206859097922,-0.200895474451,-0.199720562987,-0.189817598236,-0.187632836196,-0.18400477225700002,-0.18675634378599998,-0.175412631155,-0.175945574996,-0.16912899152299998,-0.15934753063399998,-0.15444941377000002,-0.158112016188,-0.153357582067,-0.154957820132,-0.15529241134,-0.14533015271500002
-0.0777989304424,-0.0860185178378,-0.0781621659977,-0.08293977766090001,-0.085483594518,-0.09265968911070001,-0.0977718991938,-0.105417744038,-0.105582684131,-0.111569427927,-0.117754026966,-0.118157669676,-0.122036448395,-0.119951036483,-0.12845872770699998,-0.127439452651,-0.12580067679999998,-0.13838841866,-0.133465862597,-0.13696301178499998,-0.143766063366,-0.145402283561,-0.16263074631100002,-0.170221498198,-0.16927144499000002,-0.179990995193,-0.176964909955,-0.175267206099,-0.178619842281,-0.176357539758,-0.175917785721,-0.175438139225,-0.17108357197100002,-0.171845257749,-0.16879695057500002,-0.170784547866,-0.165004798355,-0.167913579356,-0.158354425739,-0.156147245977,-0.158532828682,-0.14840840459899998,-0.151051915179,-0.140826138131,-0.138866538261,-0.13696089072,-0.131814446271,-0.13505053312,-0.130996000138,-0.13090505065199998,-0.12905390468400002
-0.08193995267599999,-0.0888017112296,-0.0869217818248,-0.09433918387609999,-0.0937970909915,-0.0946565142294,-0.104750053679,-0.117132402796,-0.116265686869,-0.120557963346,-0.125204071052,-0.13133407473699998,-0.130117145933,-0.13180483722300002,-0.133468657881,-0.13553835580100002,-0.134991429143,-0.14301721397099998,-0.14410856712300002,-0.143149027729,-0.147425651024,-0.150657597414,-0.153663691672,-0.168592086605,-0.174136708547,-0.18329206895,-0.188361400451,-0.186244125677,-0.183388634265,-0.183799919466,-0.178002998291,-0.18339025583100002,-0.18351460760000002,-0.18087901672499998,-0.175187845052,-0.172865766684,-0.17448234735899998,-0.169775985629,-0.164793536705,-0.162929400149,-0.16076884187899998,-0.156793725252,-0.149606741224,-0.142815039426,-0.146766249997,-0.143246234414,-0.141482808522,-0.138034111351,-0.13231235084899998,-0.13940074629000002,-0.134534630591
-0.0744676507657,-0.081806419624,-0.07808442655310001,-0.08524926878639999,-0.0854101534909,-0.0893051231681,-0.0940620400979,-0.100871764977,-0.105096470503,-0.106393927317,-0.103239163033,-0.10948635585,-0.113155058361,-0.11615978421999999,-0.118284500677,-0.12411573111999999,-0.115683732508,-0.11953996835,-0.124431737971,-0.126046857825,-0.126196562408,-0.127253318365,-0.130149605281,-0.13081291805999998,-0.15086305829,-0.154949071784,-0.152404718271,-0.160076428835,-0.161306661256,-0.16105714030200002,-0.161534913065,-0.159229719317,-0.157712046066,-0.155678879425,-0.151806795384,-0.149788091021,-0.15289716298,-0.15470118746,-0.148315105107,-0.141889923507,-0.141678341891,-0.132214405315,-0.13650277708800002,-0.129797463692,-0.12904999881100002,-0.129480853108,-0.125216744016,-0.12634896838499998,-0.120211413281,-0.11998386725099999,-0.122347078326
-0.0650708155096,-0.0743907999761,-0.07084849394380001,-0.0738153232199,-0.074427117529,-0.0809839264866,-0.0836566085006,-0.0936988254049,-0.092101642972,-0.0990186323982,-0.100007082659,-0.105080278759,-0.10385136323,-0.108178981491,-0.115700659182,-0.112572846929,-0.112774101916,-0.116207768115,-0.118292846457,-0.123805563633,-0.119405202086,-0.124027651223,-0.124502059242,-0.12427414240800001,-0.126695920208,-0.144945675752,-0.14640943569599998,-0.14908378047,-0.150678244554,-0.152142481755,-0.14952128006100002,-0.151210097148,-0.146372779312,-0.14958486866999998,-0.1439324782,-0.143600467342,-0.145722022729,-0.144101498357,-0.13819156488499998,-0.133060268687,-0.136724656354,-0.12671904844700002,-0.124808191642,-0.11979377629099999,-0.12285604980700002,-0.117954232807,-0.117633409183,-0.11177144151,-0.109168900643,-0.11482313316300001,-0.110731000073
-0.0605042542096,-0.0716334158506,-0.0686942622345,-0.0715026207793,-0.0728724634079,-0.07425052767450001,-0.078363574518,-0.0893547933235,-0.0872005641471,-0.09208766727619999,-0.0907983944474,-0.0952668089424,-0.0977411861049,-0.10188115197400001,-0.106768318936,-0.106642080743,-0.10071401826399999,-0.10824134560200001,-0.109518899585,-0.113401973402,-0.109790360431,-0.114128744955,-0.114446136613,-0.11233285890900001,-0.11285008782900001,-0.12054529156299999,-0.129049854419,-0.133579117235,-0.13619563498200002,-0.137063764541,-0.136173506219,-0.138624656914,-0.133159519939,-0.138893305431,-0.135204441206,-0.13408630152899997,-0.134875662786,-0.13418971382199998,-0.130823376662,-0.125785347004,-0.12483807058399998,-0.115705410309,-0.117736954327,-0.110661214248,-0.113631425641,-0.107663572185,-0.10580895821,-0.10501694852,-0.10127141562,-0.105356087259,-0.102612903573
-0.0542977173397,-0.0609388452828,-0.0583764490102,-0.062050569673999995,-0.0623856810216,-0.0625904061053,-0.0684870165575,-0.0762443007185,-0.0756503865212,-0.081073535689,-0.08011051794560001,-0.0829260244298,-0.08474720206469999,-0.0873451464531,-0.08979336436600001,-0.0891896699886,-0.08697348265589999,-0.0925007770108,-0.0921294791912,-0.0980196196861,-0.0954364252872,-0.097223504531,-0.100128734772,-0.0969964926405,-0.0986032257409,-0.103742849616,-0.10402444033399999,-0.11516767615699999,-0.11699922862,-0.120150415022,-0.1195732597,-0.12193965021700001,-0.119494712386,-0.120260496428,-0.115930812309,-0.114996437934,-0.11848562173600001,-0.11596211472699999,-0.114382222265,-0.10946747830600001,-0.10862234545900001,-0.104729157188,-0.10215981885,-0.09986998265809999,-0.0996942648226,-0.0962180511018,-0.0956369334381,-0.0931116714749,-0.0890100330798,-0.0938117224011,-0.0900211643511
-0.0479865268214,-0.0533439385792,-0.0514387731823,-0.054469938214300004,-0.0549259146381,-0.0555904379219,-0.0597167524703,-0.0673711145858,-0.06486102029310001,-0.07006932828590001,-0.0686492977411,-0.07207744283050001,-0.0736331163504,-0.0760675768925,-0.0785601122667,-0.0818019920818,-0.07665731728519999,-0.0807818290438,-0.0815098795465,-0.08593288540619999,-0.0848088942629,-0.08497079664870001,-0.0858870347565,-0.08297361582360001,-0.0851507089002,-0.090933578806,-0.0891416727238,-0.0920477497039,-0.101821713696,-0.103443252278,-0.10221206865299999,-0.105192310029,-0.103373380289,-0.106941142148,-0.10321572444,-0.100596255033,-0.10378132833300001,-0.103506770808,-0.10042238322,-0.09756711660959999,-0.0965998109587,-0.091893353759,-0.0907227984817,-0.08731286279349999,-0.0872745393887,-0.0856310543145,-0.0850166681463,-0.08264930936699999,-0.0790093778543,-0.0848386242365,-0.0810575800983
-0.038628908837,-0.043707642205,-0.0423632239415,-0.0449129401094,-0.0462322413959,-0.0472309288053,-0.0503048316762,-0.0562090192902,-0.055319524347299996,-0.058755556038899995,-0.056617106125,-0.0613843695036,-0.0619539921865,-0.061949470260699996,-0.06630041387510001,-0.0679934662257,-0.0643705493762,-0.0675874914354,-0.06800924483779999,-0.0730100742578,-0.070236584866,-0.0716452496313,-0.0718121476124,-0.0698081270127,-0.0706791112759,-0.07455852325580001,-0.0727906262322,-0.076493437571,-0.0774062324308,-0.0870946129987,-0.0851956150742,-0.0879297314551,-0.0869026940935,-0.0906137097309,-0.08811079408929999,-0.0854863479545,-0.0882791386365,-0.0877313861251,-0.0851921206678,-0.08273987836600001,-0.082006429094,-0.0782660454998,-0.0758778564348,-0.07536201547320001,-0.0755465973153,-0.0725622611348,-0.0703101131311,-0.0707459514285,-0.0673659871374,-0.0708491256376,-0.0673876389332
-0.031016783388700002,-0.036068397012800006,-0.034432287124399996,-0.0367044993015,-0.0370466907206,-0.0376115987243,-0.0404869247438,-0.0456371989378,-0.0438987559998,-0.0476004429049,-0.0454427314878,-0.048420983704299994,-0.049510971257000005,-0.0514301465807,-0.053607561706,-0.054771615726099995,-0.0514648458416,-0.054330430152399994,-0.0557535367936,-0.0582219313098,-0.056549695809,-0.0572285030595,-0.0580212164164,-0.0561706466457,-0.0575472380535,-0.060229988514899996,-0.0583157215143,-0.0596156381619,-0.0616074808427,-0.0633963457468,-0.06856252804179999,-0.0698296446922,-0.07021774781229999,-0.07389202447139999,-0.07131735645239999,-0.06942749886130001,-0.0715356834833,-0.0710504870782,-0.0692543213908,-0.0666891457676,-0.06670904637109999,-0.0650754115236,-0.0621278517175,-0.060502936223300004,-0.061837620311699995,-0.059632851333599995,-0.0574369263241,-0.057644118811600004,-0.055094194168500005,-0.0584547906033,-0.0558981329326
-0.0252022828965,-0.029029394214199998,-0.0274413327763,-0.029800212706399997,-0.0298239030011,-0.030123347515500002,-0.0322425026324,-0.036820979628,-0.0353138048115,-0.0379207460545,-0.0364309103194,-0.0386876169042,-0.0399132418136,-0.040864639332400005,-0.043296295954199995,-0.042842612014099994,-0.041410636201399995,-0.0426454100083,-0.0440802661039,-0.0460642226657,-0.0447083602857,-0.0457587295879,-0.045375238887000006,-0.0448602338512,-0.0451180462661,-0.0474561510464,-0.0462631280035,-0.046891722604,-0.0476200841077,-0.0494879814922,-0.049159501538699996,-0.0547192482206,-0.0550713535337,-0.0579644489244,-0.0566525636123,-0.0554448660802,-0.057124515129400005,-0.0567651042024,-0.0549279867365,-0.0537626102782,-0.0534150306601,-0.0525127673886,-0.0502787111445,-0.0485673313911,-0.0495830776155,-0.0483106367293,-0.0466847002212,-0.046596982418,-0.043947620644800005,-0.0469946333226,-0.0448185572714
-0.019594582357000002,-0.0222346731548,-0.020959323621200003,-0.0227867217008,-0.0226348932792,-0.0230407471003,-0.0245468401657,-0.0281005912391,-0.026607260296999998,-0.0287907401425,-0.028279351432900002,-0.0295436914119,-0.030478699818899998,-0.031403406926,-0.0329242356662,-0.0329858321836,-0.031238125361999998,-0.0325208241516,-0.03360046614,-0.035139607419999996,-0.0339771068068,-0.0345729273319,-0.0351010955075,-0.034224135140300004,-0.034382019825499995,-0.035671468244,-0.0356922162323,-0.036122246118399995,-0.0364851536873,-0.036510960827800004,-0.0374624395785,-0.0376420563735,-0.0423351561593,-0.0432831349229,-0.042823366360000004,-0.0424939984678,-0.0435499778403,-0.0432448159167,-0.0420963640115,-0.041042474247600005,-0.040714118304699995,-0.0398145294254,-0.037974302663700006,-0.0372652300585,-0.0381559887791,-0.037328975324899996,-0.0356807119173,-0.035600885696,-0.0342087339948,-0.0353751096325,-0.0344237707022
-0.014516560553,-0.017000602270499997,-0.0158039150606,-0.0168955685844,-0.0169825126763,-0.0174126700055,-0.0188093954209,-0.020792283239100002,-0.0201374826546,-0.0217107464914,-0.021140283539,-0.0224957948802,-0.022794817242000002,-0.0235211411425,-0.0248672512949,-0.024956348808,-0.0237007272322,-0.024490374340000003,-0.0252743780512,-0.0262391256988,-0.0255838483076,-0.0261450972116,-0.026413420828399998,-0.025509777551400003,-0.0258799035231,-0.0269697232822,-0.026587022943,-0.0270779376929,-0.027196560978,-0.027160766851999998,-0.0272941324461,-0.027889540445500002,-0.0280494608688,-0.032225997693399996,-0.0311001119991,-0.030761043222099996,-0.0319623548891,-0.0320176719502,-0.030929205671700002,-0.0302264240999,-0.0301465034071,-0.029160676137199998,-0.028181562223,-0.0274755956468,-0.0279429709078,-0.027655951231299998,-0.026163423578,-0.026118211728200003,-0.0247251227537,-0.025965175108399997,-0.0251255909997
-0.0107864194906,-0.012555526899900001,-0.0116334478687,-0.0123787905176,-0.0125960738461,-0.0129258973071,-0.013674865518899999,-0.015372692998799998,-0.0148045193337,-0.0159408261308,-0.015522403768700002,-0.0165231497927,-0.0168527225584,-0.0171614644662,-0.0179358773937,-0.018234363235,-0.0172163895254,-0.017820359087599998,-0.018393819420599998,-0.0191173066897,-0.0186138720399,-0.0188456830141,-0.0192412620588,-0.0186290856625,-0.0189240596261,-0.019687434396400003,-0.0194917492799,-0.0199092926167,-0.0198986101797,-0.0198961146886,-0.0198712306437,-0.019857109275000003,-0.020471943335600002,-0.0209957004541,-0.022705686912999998,-0.02167681875,-0.0227091346705,-0.0229806509041,-0.0223486665314,-0.0216037538941,-0.0216565302124,-0.0209462777784,-0.0202117273661,-0.019573491173499998,-0.0199477496032,-0.0196600755023,-0.0186005084711,-0.0186014770639,-0.0178129911815,-0.0184588115457,-0.017933457086200002
-0.00785906728467,-0.00908893727456,-0.008441264833199999,-0.00896410161483,-0.00918029056232,-0.00939188860272,-0.00981793619014,-0.0109984179539,-0.0106637053013,-0.0115500223509,-0.0111738893104,-0.011852154680099999,-0.0121016298529,-0.0124047368623,-0.0128460529692,-0.013135965255200001,-0.012406535481699999,-0.012837180089,-0.0132390498135,-0.0137327809103,-0.0133661560541,-0.0136543532827,-0.0137998692373,-0.0134283496923,-0.0136512015375,-0.0142189909979,-0.0139902847084,-0.014288125749399999,-0.014135907809900001,-0.0142936652273,-0.014114709863,-0.014214051399799999,-0.014361875718499999,-0.0151502913856,-0.0147770038672,-0.0157772689205,-0.0158572842479,-0.0161754096064,-0.0159184181857,-0.015269994980000002,-0.015438020723,-0.0147617283822,-0.0143547822872,-0.0138468170265,-0.014109426541499999,-0.0139043581606,-0.0132776069991,-0.0131163012748,-0.0126083904299,-0.0130681311101,-0.012633874036400001
-0.0050587144249899995,-0.00593329361,-0.00552719659344,-0.005867364552659999,-0.00592735935101,-0.00610436280311,-0.00638678091173,-0.00719871907348,-0.00693581504876,-0.00750612984608,-0.00724036901043,-0.00769369524292,-0.00781323908133,-0.008034883902090001,-0.00841214510681,-0.0085214180128,-0.00808661633622,-0.00835963038341,-0.00855654640394,-0.008872687857180001,-0.0086988135854,-0.008859162092419999,-0.0089514489719,-0.00861929100324,-0.0088178781418,-0.0091997053719,-0.00907210373597,-0.00920220420696,-0.0091476833357,-0.00925029449273,-0.009200514500519999,-0.009152233713700001,-0.009320964167089999,-0.00986922581632,-0.0100225365934,-0.00988191689686,-0.0115257378557,-0.0111471755055,-0.0108309092961,-0.0104299787347,-0.0104588875531,-0.0100845107948,-0.00972466623665,-0.009380929934179999,-0.00952182355282,-0.0093704299221,-0.00887064536973,-0.0088144852045,-0.00851553417231,-0.00872689405424,-0.00843102340286
-0.00347012573447,-0.00410280068358,-0.00383113381775,-0.00402165025183,-0.004092301484469999,-0.00420494224943,-0.00449202509027,-0.005014570646699999,-0.00482094704618,-0.00523691066187,-0.00504365198233,-0.00537074194644,-0.00541963841125,-0.005594269201720001,-0.00585951285598,-0.00588172242206,-0.00565329268599,-0.00582224389402,-0.00599949365868,-0.00624185002777,-0.00608277809962,-0.00624019264125,-0.00630402844893,-0.00603345705159,-0.0061660293420400004,-0.00645319973685,-0.00633599433312,-0.00641744217859,-0.006399268206180001,-0.0064287864350799995,-0.00637106379294,-0.00633885611632,-0.0064634223777,-0.006876603104090001,-0.00705151323537,-0.0073058748503299995,-0.007685374137909999,-0.00946406787616,-0.008361159203029999,-0.008082786805680002,-0.00800313270415,-0.00772515251812,-0.00742924631627,-0.00713219698836,-0.00723498546355,-0.00712124590743,-0.00668553765897,-0.00667056997605,-0.00641243086634,-0.0066663217444399995,-0.00642310392394
-0.00247156577062,-0.0028493912345799997,-0.0026719289488599998,-0.00284165971138,-0.00288896983501,-0.00294086426055,-0.00312004301637,-0.00349863025117,-0.00338780384007,-0.0036429559473799998,-0.00355479702498,-0.00373515692215,-0.0038179646459700002,-0.0039161390238799994,-0.00408230740203,-0.0041028634458,-0.00395725241885,-0.00407659838249,-0.00418940569385,-0.0043358500833799996,-0.0042623217118400005,-0.00435960230656,-0.00438254497331,-0.00421735166024,-0.00429414384909,-0.00447345825684,-0.0043974551563,-0.004520421011650001,-0.00445972265321,-0.00451794946913,-0.0044416409482900005,-0.00441948921081,-0.00446627434118,-0.00471081336327,-0.0047820404305,-0.0049432560949,-0.0054123551033899995,-0.005603372309920001,-0.006968569059179999,-0.00588291072142,-0.00584547811614,-0.0056830994400900005,-0.00545506247598,-0.00528158240228,-0.0053522877947,-0.00516884819183,-0.004897492578990001,-0.00492185375758,-0.00466582922307,-0.00488679657652,-0.00469585657554
-0.001680686726,-0.00196125230555,-0.00183908428618,-0.00194194315084,-0.00195570290829,-0.0020098529826,-0.00210907309238,-0.0023843243479,-0.00229896757129,-0.00247583445154,-0.00241330849311,-0.00254379763346,-0.00258358112885,-0.00265212020737,-0.00276895237238,-0.00279412019805,-0.0026814346531900003,-0.00275391068624,-0.00283225455542,-0.00291621572156,-0.00288088264877,-0.00292669883503,-0.00295665309366,-0.00285807975387,-0.00290598625518,-0.00303553776409,-0.00297336019288,-0.0030521620297599998,-0.00300895027871,-0.00304175916444,-0.00299824667697,-0.00299176812431,-0.00302385245997,-0.00315444939201,-0.00317251343879,-0.00326051901011,-0.00353802548677,-0.0037864324206500002,-0.00373344022931,-0.00479465686073,-0.00409017203048,-0.0040375562060400005,-0.0039252027427999995,-0.0038715716081700003,-0.0039374649118,-0.00383610882849,-0.0036354982167,-0.0036789741613100003,-0.0034331982475,-0.00362967582816,-0.0034517309332
-0.0011147797627600001,-0.0013075313710200001,-0.0012319743839,-0.00129405886581,-0.00131608253731,-0.00135091330541,-0.00141552846448,-0.00159300903122,-0.0015351484795,-0.00164714636908,-0.00160955151581,-0.00169065929956,-0.00172313371666,-0.0017669203806300001,-0.00184979677009,-0.00186216108385,-0.00177638303878,-0.00182777929865,-0.0018794149790899999,-0.00194640662446,-0.0019090043180299999,-0.00195120048779,-0.00195848151292,-0.00189821993298,-0.00193033900333,-0.0020001373382,-0.0019642324293700003,-0.00201538802019,-0.0019950989384599997,-0.00201812196361,-0.00199027474603,-0.0019657270408,-0.00199413123133,-0.00207642368681,-0.00209687481696,-0.00216724667993,-0.0023808618518,-0.00258219260845,-0.00267626313264,-0.00276059254903,-0.00375027589073,-0.00307754085715,-0.0030112454491900004,-0.00298869806774,-0.00301521978739,-0.00292246646975,-0.00277250670519,-0.00277094939808,-0.00258856988271,-0.00272111935807,-0.0025766988009699996
-0.0007769155296740001,-0.000887476466084,-0.000839238307372,-0.00089093452697,-0.00090476816825,-0.000927018503288,-0.000966226307712,-0.0010767866459100001,-0.0010387232418400001,-0.00112359266686,-0.00108080408209,-0.00115342893583,-0.00116455375493,-0.0011934793374399999,-0.00124019018251,-0.00125929139835,-0.0012033988447800001,-0.0012396541407,-0.00127153839782,-0.00130886980683,-0.0012952199802600001,-0.0013072817832799999,-0.00131124794521,-0.00127610329358,-0.0013076086073400002,-0.00134952194379,-0.00132918684615,-0.0013508032249800002,-0.00133715872211,-0.00134921015957,-0.0013443269829,-0.0013193189665,-0.00131721133628,-0.00137221492655,-0.00138275948496,-0.0014274458879100001,-0.00158550743252,-0.0017637276857700001,-0.00190606994335,-0.00204167331202,-0.00221447458061,-0.00308356603371,-0.00237921583797,-0.00237220501154,-0.00237067892742,-0.0023036320567300004,-0.002168486929,-0.00215506308645,-0.00200212939878,-0.0020599981996600003,-0.00192761438268
-0.0005224304169800001,-0.0005861286519580001,-0.00054896000498,-0.000590445282797,-0.000601064927091,-0.000613863998873,-0.000641091455255,-0.000705206887909,-0.000688651879708,-0.0007351604137319999,-0.000710941748662,-0.000757041343516,-0.000768237855878,-0.0007843520489509999,-0.000821043070653,-0.000828021856046,-0.000792364515618,-0.000813088338121,-0.0008284151996779999,-0.000859910305367,-0.000847212322913,-0.000860963269998,-0.00086308624484,-0.000837714259456,-0.0008559012156349999,-0.0008849116464170001,-0.00087760823293,-0.000886194430921,-0.0008759879408610001,-0.000888247469646,-0.0008807277365650001,-0.0008653629036790001,-0.00087441112742,-0.000900098652541,-0.0009036184976059999,-0.000943805042897,-0.00105965788732,-0.00122039354893,-0.0013710758837399998,-0.00154139099701,-0.00170676729021,-0.00183407144829,-0.00265082595146,-0.0019439963432999999,-0.00192577490976,-0.00186165318509,-0.00174405607993,-0.00169680084643,-0.00154020190917,-0.00155422817083,-0.00143217905729
-0.000380135398133,-0.000421957602506,-0.000397133158478,-0.000419826842557,-0.00042508414890399997,-0.00044418840384599997,-0.00045262093895599996,-0.0004977382939220001,-0.00048596046550600003,-0.0005199689857980001,-0.00050526343997,-0.00053482858345,-0.000539390047117,-0.000546876933828,-0.000571722239847,-0.000569541105893,-0.0005569834482859999,-0.000566119233833,-0.00057550961934,-0.000589347671583,-0.000580429458531,-0.0005929719082179999,-0.0005948648059850001,-0.000580794436474,-0.000587797261152,-0.000612196364567,-0.000602980857243,-0.000610044980342,-0.000602563557992,-0.0006134951084349999,-0.000607428837183,-0.0005961855819239999,-0.000598997166782,-0.000621127718341,-0.000625461837896,-0.000648954971051,-0.000732583991991,-0.000868763390594,-0.0010173071238,-0.00120206254013,-0.00138435554011,-0.00152044609005,-0.00160834904625,-0.0024128726583399996,-0.00153891717781,-0.00141042498646,-0.00121679378154,-0.0010669551336099999,-0.000849441753146,-0.000782440765317,-0.000613979388461
-0.000271448596256,-0.000301604508201,-0.00028648192088100003,-0.00029980802785500003,-0.000309284514541,-0.000315574129432,-0.000320678310399,-0.000351942140696,-0.000342464409846,-0.000363538423806,-0.00035984697621900004,-0.00037403418147699996,-0.000380821099982,-0.00038219519725100003,-0.000394402990179,-0.000397655942701,-0.00038922745802199996,-0.000394186599168,-0.000400729195393,-0.000408844114322,-0.000401782861765,-0.000416878654981,-0.00040825641515899997,-0.000401981581458,-0.00040735894835899997,-0.00041877160013399997,-0.00041549704616899996,-0.000420760579506,-0.00041059075996,-0.000423354589593,-0.00041838727438700004,-0.00040949792024699995,-0.000413553579867,-0.000427895163022,-0.000432155230755,-0.000444114771026,-0.000505077484528,-0.0006172448348930001,-0.0007525769947029999,-0.0009290838430779999,-0.00111162817078,-0.00126097367192,-0.00131474829634,-0.0012840833591,-0.00206399864453,-0.000935958030601,-0.0007774182485419999,-0.000658609960652,-0.00047795104545100007,-0.000420771781508,-0.000268403030725
-0.000215425957096,-0.000231246332308,-0.000219887407126,-0.000229667372158,-0.000236976538625,-0.00023921084813200002,-0.000241560536405,-0.000261127996104,-0.000256135607568,-0.00026888709767200003,-0.00026450182435299997,-0.000274966997573,-0.000277342244498,-0.000277912627942,-0.000287736973054,-0.000289596546072,-0.000281680723452,-0.00028694727366,-0.000293286192889,-0.00029523694962699996,-0.000290225129415,-0.000300376877235,-0.000296631040431,-0.00029044455528199996,-0.000293289086183,-0.000303259361796,-0.000298309722825,-0.00030395369922,-0.00029984239752799997,-0.00030430414212,-0.000303480709263,-0.000298774360027,-0.000299733655529,-0.000309452132316,-0.00031198624602099995,-0.00032278560932100003,-0.000360598043667,-0.000450932096237,-0.000567859376862,-0.00072159358372,-0.0008741368808119999,-0.0009980753989739998,-0.00104864232146,-0.00105842693194,-0.0010047936802,-0.0020007648866300002,-0.000905698578575,-0.000852889947274,-0.000737954653263,-0.000688395197892,-0.000566660328208
-0.000173248788515,-0.000180207022314,-0.000173106472995,-0.00018117686361400002,-0.000182076596271,-0.000185927881782,-0.00018461197998,-0.00019974843448899998,-0.00019435077282300002,-0.000204554461737,-0.000202321255692,-0.000210601395363,-0.00021019593897699998,-0.000210538064795,-0.000214949487501,-0.000216213778654,-0.000213573986239,-0.000214242113078,-0.000218057290974,-0.00021767885976000002,-0.000213876019306,-0.000219111455864,-0.000221084990051,-0.000217153422436,-0.00021835172074900002,-0.000224726416368,-0.000219501996186,-0.000224432794341,-0.000222143030011,-0.000227868282792,-0.000227021554588,-0.000223310560797,-0.000222812562353,-0.00022982517946499998,-0.000229369231657,-0.000237560488154,-0.00026271172750399997,-0.00033527810351899996,-0.000436143574736,-0.000565623558036,-0.000692856314897,-0.0008074583959259999,-0.00090929574019,-0.0010015828444799998,-0.0010872538903799998,-0.00113073849357,-0.0021811273388799997,-0.00112538601896,-0.00106065849336,-0.0010126215976499998,-0.000916992258371
-0.000159359332571,-0.000166732822258,-0.000161764407717,-0.00016452630807300002,-0.000169136897301,-0.00017307557384799998,-0.00016753957540400002,-0.00018079499239,-0.000176113116231,-0.00018195058118000002,-0.000183184022396,-0.000187563578591,-0.00018802765172699998,-0.000187160977726,-0.000189087601647,-0.000190681669667,-0.000189834840236,-0.00018860239568900002,-0.000191434775381,-0.000192389421961,-0.000190247140611,-0.000194495131191,-0.000190566446089,-0.000191278239015,-0.000189611315288,-0.00019602376940600002,-0.00019430914338200002,-0.000194829865434,-0.00018820645534,-0.000199333440422,-0.000196070218158,-0.000194610338072,-0.000191506475418,-0.000197644536522,-0.000199707344784,-0.000205988143481,-0.000222966185357,-0.000281023130473,-0.00036232650129,-0.000467246313419,-0.000582983399238,-0.000713257635765,-0.000847956364472,-0.000984677618443,-0.00110294501598,-0.0011899923569399999,-0.00124072386718,-0.00230083527782,-0.0012362872102399999,-0.0012028632530200001,-0.0011355050004499998
-0.000243123906633,-0.000249934646902,-0.000244517995133,-0.000245630898834,-0.000251489271047,-0.000255901428419,-0.00024901684169899996,-0.000256716940886,-0.000260523019268,-0.00026195554846199996,-0.000262140442039,-0.00026561080741399997,-0.00026403713348,-0.00026488160828,-0.00026739213839,-0.000269020942953,-0.000266436032182,-0.00026578346458699996,-0.000268661839358,-0.000265133804018,-0.00026801307391,-0.000273292287636,-0.000270679433792,-0.00026888759511799995,-0.000268879964748,-0.000270772744575,-0.000268923063535,-0.000269319693767,-0.000264408573114,-0.000271437686435,-0.00026904048722199995,-0.000268300097125,-0.000267738808114,-0.00027256254647799996,-0.000273875562344,-0.000278444874706,-0.000294355349627,-0.00034536732313599996,-0.000413080274929,-0.000502197137838,-0.000604457389037,-0.000727364304649,-0.00086290704284,-0.0010045893205999998,-0.00113803971215,-0.00125127017822,-0.0013326253002499998,-0.00138363257493,-0.00243510546076,-0.00138331310944,-0.0013448288645999998
-0.00130183722704,-0.00130169895156,-0.00130189290214,-0.00128390141992,-0.00130073446205,-0.00130918144944,-0.0012946391587299998,-0.00130415431777,-0.0013074464061799999,-0.0013088198898800001,-0.00130935903764,-0.00130577053649,-0.00131383170462,-0.0013148496748300001,-0.0013163322249,-0.00131614953075,-0.00131786838721,-0.00130962431915,-0.0013160798547600001,-0.00131137682101,-0.00132081245833,-0.0013244298026,-0.00132233035295,-0.00130916318722,-0.0013177796743600002,-0.00131897827192,-0.0013156981356300002,-0.0013091307612200002,-0.00131469612911,-0.00131930290339,-0.00132082233447,-0.00131525187641,-0.00131175657816,-0.00133180687267,-0.00133458254771,-0.00132720651487,-0.00136165896492,-0.00141604588542,-0.00149265766339,-0.00157864312588,-0.00167484270552,-0.00178252050576,-0.00190969371079,-0.0020482467594800003,-0.002182171546,-0.00230856426336,-0.00240900809404,-0.00248888560258,-0.0025286707960800003,-0.00358101176036,-0.00252794801044
0.000597554197874,0.000691621412492,0.0006561708187559999,0.0005641299238830001,0.0006627511366909999,0.000737768025289,0.000597257775863,0.0007364286656130001,0.000795130633818,0.000801087011714,0.000789456426177,0.0007908512862869999,0.0008036929694689999,0.000855594507464,0.000933064489706,0.000926295203411,0.000857244713924,0.000869181414059,0.000906120837485,0.000858875932862,0.000916473316112,0.0010004038104599999,0.000987381591326,0.0008974413986269999,0.000915959163213,0.00103439440176,0.0010006464995,0.0008915078788720001,0.000960326661409,0.00102888951959,0.00101805898249,0.00100057437832,0.000890288583169,0.00107011093711,0.00105482186839,0.00091035106653,0.000680795100366,0.000276341192458,-0.000643141437659,-0.00135441437153,-0.00171254113773,-0.0020927479251099997,-0.00234083686442,-0.00252085882824,-0.0026957264955700003,-0.0028347650403000003,-0.00295220689648,-0.0030496529010999997,-0.0031154211694099996,-0.00316444431529,-0.0042038597479999995
0.00230279017949,0.00206128035802,0.00197034974229,0.0020255373586099998,0.00210222019995,0.00195844244055,0.0021458942258300003,0.00185592446757,0.00172124325269,0.00182499380742,0.00177757243445,0.00177522228806,0.00182355161889,0.00166667709676,0.00165702829257,0.0015664972160400002,0.0017352547487,0.00155759077603,0.00163857174706,0.00165850277985,0.00165554158742,0.00141989284281,0.0015310120500500002,0.00161291615285,0.00167697830885,0.0013634683114500002,0.00135177155225,0.00167759531569,0.00146034845847,0.00140262519462,0.001479481335,0.00130806320751,0.0015029472079800001,0.00130058537276,0.00127797189273,0.00140270220153,0.00127640792112,0.0007224123867090001,0.000532086504006,0.00033186120194,0.000169389424257,6.455739728789999e-05,-5.58760450552e-05,-0.000185995008567,-0.000328869301179,-0.00046905384354999996,-0.000592263446763,-0.00069381314473,-0.000781521052228,-0.0008464556931609999,-0.000879398953225
1.36249058852e-08,1.2026364136599999e-08,1.30016927934e-08,1.1303111178399999e-08,1.18204478269e-08,1.4796038018100002e-08,1.18687206732e-08,1.08216362589e-08,1.2038970017e-08,1.15402511327e-08,1.33461169466e-08,1.18359518754e-08,1.2614421289e-08,1.26858782243e-08,1.29054913671e-08,1.17435339606e-08,1.2025807275300001e-08,1.2554957638700001e-08,1.13632326532e-08,1.1237323853699999e-08,1.1370798647699999e-08,1.2193753084e-08,1.17315178578e-08,1.11840905815e-08,1.1449459279100001e-08,1.1802813788e-08,1.1552067557599999e-08,1.0504844048300001e-08,1.2470075581e-08,1.22565413188e-08,9.89165470908e-09,2.19961027694e-11,-5.11620295233e-09,-2.37347924783e-08,-1.2425131731099998e-07,-5.496215899470001e-07,-1.9969200595300003e-06,-6.0602435974700005e-06,-1.56673866705e-05,-3.51620387754e-05,-6.968471947489999e-05,-0.000123830009642,-0.000200014212536,-0.000297247502305,-0.000410850198218,-0.00053323211481,-0.000655397377214,-0.000768613292286,-0.000865778722452,-0.000942192006099,-0.0009957895267790002
-1.06168910758e-08,-8.2387580265e-09,-8.78455429347e-09,-1.22578098135e-08,-1.12066017808e-08,-7.9537671877e-09,-1.2192984833600001e-08,-7.91606728084e-09,-7.5959895376e-09,-6.73973396768e-09,-6.97223332888e-09,-8.38971223512e-09,-6.76660663843e-09,-6.61624512122e-09,-4.66198786751e-09,-3.5579999883800003e-09,-5.21606004916e-09,-5.97478406449e-09,-5.68898142136e-09,-7.29505065152e-09,-5.85673467478e-09,-4.93145633704e-09,-3.985408207159999e-09,-5.02917195735e-09,-5.15223827722e-09,-3.3766897669200003e-09,-3.36155954924e-09,-5.9762977495000006e-09,-2.4143670165e-09,-1.66464358501e-09,-6.15259430787e-09,-3.07838277901e-08,-2.94905202503e-07,-2.2485625454499997e-06,-4.5594342400000005e-06,-4.81589085116e-06,-5.73281983499e-06,-8.4310378986e-06,-1.51060867941e-05,-2.92558025219e-05,-5.5396305593099995e-05,-9.81208769641e-05,-0.000160721891348,-0.000243898661881,-0.000345100360162,-0.000458770512198,-0.000577365947224,-0.0006927694436690001,-0.000797632187656,-0.000886332306433,-0.000955498856306
2.43647391614e-08,2.44888940839e-08,2.44603997589e-08,2.42790712303e-08,2.43339507572e-08,2.45037718472e-08,2.42824563466e-08,2.45057414985e-08,2.45224527952e-08,2.4567153311700002e-08,2.4555016180100002e-08,2.4481013478e-08,2.45657519211e-08,2.45736010475e-08,2.46756277332e-08,2.47332636432e-08,2.4646701519999998e-08,2.46070898842e-08,2.46220118137e-08,2.45381647062e-08,2.46132547561e-08,2.46615597157e-08,2.47109517224e-08,2.46564569687e-08,2.4650032004e-08,2.47427317061e-08,2.47435201032e-08,2.46069909587e-08,2.4791971566e-08,2.4798162030799997e-08,2.38240916347e-08,1.12209743465e-08,-1.2505867027100001e-07,-1.1991041911e-06,-7.6251716068899995e-06,-1.25390163707e-05,-1.31217748474e-05,-1.49151319834e-05,-1.95465479105e-05,-2.97789930759e-05,-4.94539276153e-05,-8.288445870660001e-05,-0.000133761348358,-0.000203936949712,-0.000292563654643,-0.000395942819277,-0.000508106112331,-0.000621905214712,-0.000730231147738,-0.000827034068685,-0.000908047707569
4.3845828542e-08,4.38522806031e-08,4.38508046772e-08,4.38413699326e-08,4.38442157811e-08,4.3853055261199997e-08,4.3841540490599996e-08,4.3853168272599994e-08,4.38540258274e-08,4.38563680973e-08,4.38557343219e-08,4.38518735907e-08,4.3856289479599996e-08,4.3856695543700005e-08,4.38620116848e-08,4.38650162027e-08,4.38605124442e-08,4.38584344074e-08,4.38592067757e-08,4.3854853776199996e-08,4.38587628946e-08,4.38612743579e-08,4.38638526427e-08,4.38610037642e-08,4.38606689857e-08,4.3865495634000004e-08,4.38655384238e-08,4.38584210153e-08,4.38676544164e-08,4.38532824868e-08,4.34529231115e-08,3.71404724568e-08,-3.4528724277900005e-08,-6.29643318872e-07,-4.36806498819e-06,-2.14992557907e-05,-2.18707005879e-05,-2.3063676848e-05,-2.62734949317e-05,-3.36501124298e-05,-4.83829682289e-05,-7.43537333356e-05,-0.000115317627037,-0.00017383505585399998,-0.00025034605611699997,-0.00034274571555,-0.000446604780907,-0.000555934371483,-0.0006642119311929999,-0.000765371558573,-0.000854635737267
6.51964769671e-08,6.51968203499e-08,6.51967323184e-08,6.51962204593e-08,6.51963770471e-08,6.519683607800001e-08,6.51962474285e-08,6.51968536565e-08,6.51969069473e-08,6.51970250472e-08,6.51969857731e-08,6.51967870432e-08,6.51970223179e-08,6.51970431346e-08,6.519731675829999e-08,6.519747774070001e-08,6.51972463979e-08,6.51971339879e-08,6.51971819125e-08,6.51969517725e-08,6.5197155961e-08,6.5197271748e-08,6.51974403169e-08,6.5197269065e-08,6.5197253013e-08,6.519751336029999e-08,6.5197490462e-08,6.51971511501e-08,6.51975470371e-08,6.51903156457e-08,6.50017651741e-08,6.181170783549999e-08,2.36948465016e-08,-3.08798034967e-07,-2.49778463861e-06,-1.37035185718e-05,-3.21373993066e-05,-3.29317582196e-05,-3.51545570557e-05,-4.04588727067e-05,-5.14437772483e-05,-7.14970838162e-05,-0.000104218685253,-0.000152534376242,-0.000217793676434,-0.00029918964372700003,-0.000393698705637,-0.0004965478339609999,-0.000602016704931,-0.000704336677878,-0.000798555667814
9.01998378304e-08,9.01998376916e-08,9.01998332044e-08,9.01998353786e-08,9.01998452781e-08,9.019984106850001e-08,9.01998373215e-08,9.01998392644e-08,9.019984032840001e-08,9.019984708220001e-08,9.01998434277e-08,9.01998325105e-08,9.01998406059e-08,9.0199840791e-08,9.019984296509999e-08,9.01998446767e-08,9.019984509309999e-08,9.0199831169e-08,9.01998443992e-08,9.0199839912e-08,9.0199844723e-08,9.01998363963e-08,9.01998438903e-08,9.01998406059e-08,9.019984190120001e-08,9.01998430114e-08,9.01998475911e-08,9.019984190120001e-08,9.01998412073e-08,9.019629487740001e-08,9.010392432169999e-08,8.84732287432e-08,6.80024925259e-08,-1.1922199098300002e-07,-1.40878597676e-06,-8.30090866979e-06,-3.76659620322e-05,-4.47930786913e-05,-4.63316729431e-05,-5.01381971504e-05,-5.82994790013e-05,-7.37042853416e-05,-9.966627700919999e-05,-0.000139223420348,-0.000194317973268,-0.000265145370548,-0.00034989885122599997,-0.00044498183271500004,-0.000545588147105,-0.000646463956144,-0.0007427529560290001
1.19598553283e-07,1.19598553283e-07,1.19598553283e-07,1.19598553283e-07,1.19598553283e-07,1.19598553283e-07,1.19598553283e-07,1.19598553283e-07,1.19598553283e-07,1.19598553283e-07,1.19598553283e-07,1.19598553283e-07,1.19598553283e-07,1.19598553283e-07,1.19598553283e-07,1.19598553283e-07,1.19598553283e-07,1.19598553283e-07,1.19598553283e-07,1.19598553283e-07,1.19598553283e-07,1.19598553283e-07,1.19598553283e-07,1.19598553283e-07,1.19598553283e-07,1.19598553283e-07,1.19598553283e-07,1.19598553283e-07,1.19598553283e-07,1.19595000569e-07,1.19552368005e-07,1.1870682215000001e-07,1.0759748647600001e-07,1.24344978758e-09,-7.63819230087e-07,-5.02575403516e-06,-2.39170603322e-05,-5.8978039049800005e-05,-6.0043817473800004e-05,-6.27734575431e-05,-6.882348113629999e-05,-8.06138125142e-05,-0.000101106103045,-0.000133274838277,-0.000179399719968,-0.000240409761432,-0.000315499875114,-0.000402145190037,-0.000496476985745,-0.000593894071699,-0.000689832120315
1.54088297677e-07,1.54088297677e-07,1.54088297677e-07,1.54088297677e-07,1.54088297677e-07,1.54088297677e-07,1.54088297677e-07,1.54088297677e-07,1.54088297677e-07,1.54088297677e-07,1.54088297677e-07,1.54088297677e-07,1.54088297677e-07,1.54088297677e-07,1.54088297677e-07,1.54088297677e-07,1.54088297677e-07,1.54088297677e-07,1.54088297677e-07,1.54088297677e-07,1.54088297677e-07,1.54088297677e-07,1.54088297677e-07,1.54088297677e-07,1.54088297677e-07,1.54088297677e-07,1.54088297677e-07,1.54088297677e-07,1.54088297677e-07,1.54088297677e-07,1.5406698139499998e-07,1.53626444899e-07,1.47515777371e-07,8.64233129505e-08,-3.71770170204e-07,-3.02765812421e-06,-1.52549333166e-05,-6.10758448261e-05,-7.66437221467e-05,-7.86038651945e-05,-8.30883473135e-05,-9.209811224760001e-05,-0.000108223574102,-0.00013426471312499998,-0.000172645030716,-0.000224789445724,-0.000290682649506,-0.000368727356204,-0.000455953752976,-0.000548467127715,-0.000642134565965
1.95285565496e-07,1.95285565496e-07,1.95285565496e-07,1.95285565496e-07,1.95285565496e-07,1.95285565496e-07,1.95285565496e-07,1.95285565496e-07,1.95285565496e-07,1.95285565496e-07,1.95285565496e-07,1.95285565496e-07,1.95285565496e-07,1.95285565496e-07,1.95285565496e-07,1.95285565496e-07,1.95285565496e-07,1.95285565496e-07,1.95285565496e-07,1.95285565496e-07,1.95285565496e-07,1.95285565496e-07,1.95285565496e-07,1.95285565496e-07,1.95285565496e-07,1.95285565496e-07,1.95285565496e-07,1.95285565496e-07,1.95285565496e-07,1.95285565496e-07,1.95278460069e-07,1.9503687553900002e-07,1.91626270407e-07,1.560422902e-07,-1.21680443499e-07,-1.7937225038599998e-06,-9.77509984068e-06,-4.07356530729e-05,-9.66581599343e-05,-9.807087153479999e-05,-0.000101402017005,-0.000108291185796,-0.000120969334105,-0.000142000168069,-0.00017381094608,-0.00021813531248,-0.00027554430914699995,-0.00034521404757,-0.00042498406571700003,-0.000511672382686,-0.000601651933607
2.4398616460499996e-07,2.4398616460499996e-07,2.4398616460499996e-07,2.4398616460499996e-07,2.4398616460499996e-07,2.4398616460499996e-07,2.4398616460499996e-07,2.4398616460499996e-07,2.4398616460499996e-07,2.4398616460499996e-07,2.4398616460499996e-07,2.4398616460499996e-07,2.4398616460499996e-07,2.4398616460499996e-07,2.4398616460499996e-07,2.4398616460499996e-07,2.4398616460499996e-07,2.4398616460499996e-07,2.4398616460499996e-07,2.4398616460499996e-07,2.4398616460499996e-07,2.4398616460499996e-07,2.4398616460499996e-07,2.4398616460499996e-07,2.4398616460499996e-07,2.4398616460499996e-07,2.4398616460499996e-07,2.4398616460499996e-07,2.4398616460499996e-07,2.4398616460499996e-07,2.4398616460499996e-07,2.43858266913e-07,2.4191137981699996e-07,2.20850893129e-07,5.00790520164e-08,-1.0158061059e-06,-6.2818799051500004e-06,-2.73911453519e-05,-9.75942491266e-05,-0.00012187898279499999,-0.000124363873644,-0.000129645841618,-0.000139625623063,-0.00015660523899900002,-0.000182924289049,-0.000220476145785,-0.000270249714163,-0.00033203511407,-0.000404375640528,-0.00048476076131000005,-0.000570097114405
3.02975422528e-07,3.02975422528e-07,3.02975422528e-07,3.02975422528e-07,3.02975422528e-07,3.02975422528e-07,3.02975422528e-07,3.02975422528e-07,3.02975422528e-07,3.02975422528e-07,3.02975422528e-07,3.02975422528e-07,3.02975422528e-07,3.02975422528e-07,3.02975422528e-07,3.02975422528e-07,3.02975422528e-07,3.02975422528e-07,3.02975422528e-07,3.02975422528e-07,3.02975422528e-07,3.02975422528e-07,3.02975422528e-07,3.02975422528e-07,3.02975422528e-07,3.02975422528e-07,3.02975422528e-07,3.02975422528e-07,3.02975422528e-07,3.02975422528e-07,3.02961211673e-07,3.028901574e-07,3.0176749987700004e-07,2.8906299576200003e-07,1.8232526599600002e-07,-5.07085928803e-07,-4.0260061950900004e-06,-1.85769692962e-05,-6.84260896833e-05,-0.000150886129618,-0.00015275108933300002,-0.000156819392139,-0.00016469940344900001,-0.000178430378028,-0.000200208909007,-0.000231980742171,-0.00027501178578900003,-0.00032956376117,-0.000394769344325,-0.000468725957603,-0.000548862189476
3.7296388199999997e-07,3.7296388199999997e-07,3.7296388199999997e-07,3.7296388199999997e-07,3.7296388199999997e-07,3.7296388199999997e-07,3.7296388199999997e-07,3.7296388199999997e-07,3.7296388199999997e-07,3.7296388199999997e-07,3.7296388199999997e-07,3.7296388199999997e-07,3.7296388199999997e-07,3.7296388199999997e-07,3.7296388199999997e-07,3.7296388199999997e-07,3.7296388199999997e-07,3.7296388199999997e-07,3.7296388199999997e-07,3.7296388199999997e-07,3.7296388199999997e-07,3.7296388199999997e-07,3.7296388199999997e-07,3.7296388199999997e-07,3.7296388199999997e-07,3.7296388199999997e-07,3.7296388199999997e-07,3.7296388199999997e-07,3.7296388199999997e-07,3.7296388199999997e-07,3.7296388199999997e-07,3.72921249436e-07,3.72253339265e-07,3.64437369171e-07,2.9649527277799996e-07,-1.5671730579900002e-07,-2.5423361194e-06,-1.27006387629e-05,-4.84883173613e-05,-0.00015493525396,-0.000187752367542,-0.000190905627306,-0.000197157674187,-0.000208298798654,-0.000226354696764,-0.00025324936103700003,-0.00029041577676,-0.000338464019478,-0.00039700651654999997,-0.000464668019617,-0.00053936774691
4.5895376388199996e-07,4.5895376388199996e-07,4.5895376388199996e-07,4.5895376388199996e-07,4.5895376388199996e-07,4.5895376388199996e-07,4.5895376388199996e-07,4.5895376388199996e-07,4.5895376388199996e-07,4.5895376388199996e-07,4.5895376388199996e-07,4.5895376388199996e-07,4.5895376388199996e-07,4.5895376388199996e-07,4.5895376388199996e-07,4.5895376388199996e-07,4.5895376388199996e-07,4.5895376388199996e-07,4.5895376388199996e-07,4.5895376388199996e-07,4.5895376388199996e-07,4.5895376388199996e-07,4.5895376388199996e-07,4.5895376388199996e-07,4.5895376388199996e-07,4.5895376388199996e-07,4.5895376388199996e-07,4.5895376388199996e-07,4.5895376388199996e-07,4.5895376388199996e-07,4.5895376388199996e-07,4.58925342173e-07,4.58513227386e-07,4.53610482509e-07,4.09499989473e-07,1.06169295577e-07,-1.5373160522399999e-06,-8.7310922936e-06,-3.47493482877e-05,-0.000114103009707,-0.000231016613506,-0.000233479998446,-0.00023847228014500002,-0.00024755717298299997,-0.00026258029706100004,-0.00028539607654900004,-0.00031752192342099996,-0.000359816112905,-0.000412267624483,-0.000473950066748,-0.000543224942362
5.62920376979e-07,5.62920376979e-07,5.62920376979e-07,5.62920376979e-07,5.62920376979e-07,5.62920376979e-07,5.62920376979e-07,5.62920376979e-07,5.62920376979e-07,5.62920376979e-07,5.62920376979e-07,5.62920376979e-07,5.62920376979e-07,5.62920376979e-07,5.62920376979e-07,5.62920376979e-07,5.62920376979e-07,5.62920376979e-07,5.62920376979e-07,5.62920376979e-07,5.62920376979e-07,5.62920376979e-07,5.62920376979e-07,5.62920376979e-07,5.62920376979e-07,5.62920376979e-07,5.62920376979e-07,5.62920376979e-07,5.62920376979e-07,5.62920376979e-07,5.62920376979e-07,5.62920376979e-07,5.62664581594e-07,5.59481350138e-07,5.30235411134e-07,3.23268523061e-07,-8.28975998957e-07,-6.0041713823e-06,-2.51875178492e-05,-8.50825614407e-05,-0.00024552115718299997,-0.000286611779643,-0.000290629666111,-0.000298085816475,-0.00031064927163999996,-0.000330076826316,-0.000357911865478,-0.000395178645363,-0.00044215785521800003,-0.0004982927919170001,-0.000562332644449
6.90874912834e-07,6.90874912834e-07,6.90874912834e-07,6.90874912834e-07,6.90874912834e-07,6.90874912834e-07,6.90874912834e-07,6.90874912834e-07,6.90874912834e-07,6.90874912834e-07,6.90874912834e-07,6.90874912834e-07,6.90874912834e-07,6.90874912834e-07,6.90874912834e-07,6.90874912834e-07,6.90874912834e-07,6.90874912834e-07,6.90874912834e-07,6.90874912834e-07,6.90874912834e-07,6.90874912834e-07,6.90874912834e-07,6.90874912834e-07,6.90874912834e-07,6.90874912834e-07,6.90874912834e-07,6.90874912834e-07,6.90874912834e-07,6.90874912834e-07,6.90874912834e-07,6.90874912834e-07,6.90704382578e-07,6.88629597789e-07,6.68762822897e-07,5.245794909569999e-07,-2.98570057566e-07,-4.08553546549e-06,-1.84479915788e-05,-6.42797317596e-05,-0.00018962840897499998,-0.00035331952141800003,-0.00035658311370300003,-0.000362750542493,-0.000373324828828,-0.000389952127477,-0.000414161405615,-0.00044708124136200005,-0.000489209526222,-0.000540291168249,-0.000599406689616
8.47819592309e-07,8.47819592309e-07,8.47819592309e-07,8.47819592309e-07,8.47819592309e-07,8.47819592309e-07,8.47819592309e-07,8.47819592309e-07,8.47819592309e-07,8.47819592309e-07,8.47819592309e-07,8.47819592309e-07,8.47819592309e-07,8.47819592309e-07,8.47819592309e-07,8.47819592309e-07,8.47819592309e-07,8.47819592309e-07,8.47819592309e-07,8.47819592309e-07,8.47819592309e-07,8.47819592309e-07,8.47819592309e-07,8.47819592309e-07,8.47819592309e-07,8.47819592309e-07,8.47819592309e-07,8.47819592309e-07,8.47819592309e-07,8.47819592309e-07,8.47819592309e-07,8.47819592309e-07,8.47705905471e-07,8.462848199999999e-07,8.32500290926e-07,7.29869498173e-07,1.30000898935e-07,-2.69182010015e-06,-1.36230369208e-05,-4.9217277364699994e-05,-0.000148459122329,-0.000389368725706,-0.000440120254241,-0.000445267688498,-0.000454236188219,-0.000468557548317,-0.0004897207119820001,-0.000518912543157,-0.000556788599226,-0.000603334470384,-0.000657909723145
1.04171249404e-06,1.04171249404e-06,1.04171249404e-06,1.04171249404e-06,1.04171249404e-06,1.04171249404e-06,1.04171249404e-06,1.04171249404e-06,1.04171249404e-06,1.04171249404e-06,1.04171249404e-06,1.04171249404e-06,1.04171249404e-06,1.04171249404e-06,1.04171249404e-06,1.04171249404e-06,1.04171249404e-06,1.04171249404e-06,1.04171249404e-06,1.04171249404e-06,1.04171249404e-06,1.04171249404e-06,1.04171249404e-06,1.04171249404e-06,1.04171249404e-06,1.04171249404e-06,1.04171249404e-06,1.04171249404e-06,1.04171249404e-06,1.04171249404e-06,1.04171249404e-06,1.04171249404e-06,1.04165565062e-06,1.0406893125e-06,1.03085540104e-06,9.56106305239e-07,5.09771780344e-07,-1.63322511071e-06,-1.00985175777e-05,-3.81808149541e-05,-0.000117878954597,-0.00031464421113000003,-0.000546506887633,-0.0005508462357360001,-0.000558519271721,-0.000570946458112,-0.000589561583553,-0.0006155766669740001,-0.0006497599969179999,-0.000692283123271,-0.0007427380381840001
1.27954535856e-06,1.27954535856e-06,1.27954535856e-06,1.27954535856e-06,1.27954535856e-06,1.27954535856e-06,1.27954535856e-06,1.27954535856e-06,1.27954535856e-06,1.27954535856e-06,1.27954535856e-06,1.27954535856e-06,1.27954535856e-06,1.27954535856e-06,1.27954535856e-06,1.27954535856e-06,1.27954535856e-06,1.27954535856e-06,1.27954535856e-06,1.27954535856e-06,1.27954535856e-06,1.27954535856e-06,1.27954535856e-06,1.27954535856e-06,1.27954535856e-06,1.27954535856e-06,1.27954535856e-06,1.27954535856e-06,1.27954535856e-06,1.27954535856e-06,1.27954535856e-06,1.27954535856e-06,1.2794885151399999e-06,1.27880639411e-06,1.27164412334e-06,1.2159375728499999e-06,8.766392056709999e-07,-7.83245468483e-07,-7.45836814531e-06,-2.99820612781e-05,-9.49507352743e-05,-0.00025785163870800003,-0.000618307502975,-0.000686712784637,-0.000693340551194,-0.0007042142371460001,-0.000720705354951,-0.000744027985888,-0.000775026869348,-0.0008140187901519999,-0.000860785803525
1.56927626449e-06,1.56927626449e-06,1.56927626449e-06,1.56927626449e-06,1.56927626449e-06,1.56927626449e-06,1.56927626449e-06,1.56927626449e-06,1.56927626449e-06,1.56927626449e-06,1.56927626449e-06,1.56927626449e-06,1.56927626449e-06,1.56927626449e-06,1.56927626449e-06,1.56927626449e-06,1.56927626449e-06,1.56927626449e-06,1.56927626449e-06,1.56927626449e-06,1.56927626449e-06,1.56927626449e-06,1.56927626449e-06,1.56927626449e-06,1.56927626449e-06,1.56927626449e-06,1.56927626449e-06,1.56927626449e-06,1.56927626449e-06,1.56927626449e-06,1.56927626449e-06,1.56927626449e-06,1.56921942107e-06,1.5687078303e-06,1.56336454893e-06,1.52084567162e-06,1.2572058949400001e-06,-5.46265255252e-08,-5.41660938325e-06,-2.3791926651000002e-05,-7.758171705060001e-05,-0.000214363524265,-0.000521110735008,-0.000862329791351,-0.000868113648966,-0.0008777145250600001,-0.00089243977186,-0.000913490659116,-0.000941761904016,-0.000977680755909,-0.00102118069378
1.91880644707e-06,1.91880644707e-06,1.91880644707e-06,1.91880644707e-06,1.91880644707e-06,1.91880644707e-06,1.91880644707e-06,1.91880644707e-06,1.91880644707e-06,1.91880644707e-06,1.91880644707e-06,1.91880644707e-06,1.91880644707e-06,1.91880644707e-06,1.91880644707e-06,1.91880644707e-06,1.91880644707e-06,1.91880644707e-06,1.91880644707e-06,1.91880644707e-06,1.91880644707e-06,1.91880644707e-06,1.91880644707e-06,1.91880644707e-06,1.91880644707e-06,1.91880644707e-06,1.91880644707e-06,1.91880644707e-06,1.91880644707e-06,1.91880644707e-06,1.91880644707e-06,1.91880644707e-06,1.91880644707e-06,1.91846538655e-06,1.9142589735600003e-06,1.8810624169400002e-06,1.6717649487e-06,6.13567863184e-07,-3.77531250706e-06,-1.90275386558e-05,-6.427421794800001e-05,-0.00018080129393600002,-0.00044530474951899997,-0.000981753053964,-0.0010948266475600001,-0.0011033855296099999,-0.00111664582647,-0.0011357872296,-0.00116173471554,-0.0011949992568799999,-0.00123563590648
2.30807017942e-06,2.30807017942e-06,2.30807017942e-06,2.30807017942e-06,2.30807017942e-06,2.30807017942e-06,2.30807017942e-06,2.30807017942e-06,2.30807017942e-06,2.30807017942e-06,2.30807017942e-06,2.30807017942e-06,2.30807017942e-06,2.30807017942e-06,2.30807017942e-06,2.30807017942e-06,2.30807017942e-06,2.30807017942e-06,2.30807017942e-06,2.30807017942e-06,2.30807017942e-06,2.30807017942e-06,2.30807017942e-06,2.30807017942e-06,2.30807017942e-06,2.30807017942e-06,2.30807017942e-06,2.30807017942e-06,2.30807017942e-06,2.30807017942e-06,2.30807017942e-06,2.30807017942e-06,2.30807017942e-06,2.30772911891e-06,2.3045458874499996e-06,2.27794316743e-06,2.1079813450299998e-06,1.23691279441e-06,-2.42380338022e-06,-1.53056589625e-05,-5.3979192671200005e-05,-0.00015471584902099997,-0.00038586881601099997,-0.000859547128584,-0.00138843220598,-0.00139613845906,-0.00140818611172,-0.00142572826434,-0.00144970655214,-0.00148069379691,-0.0015188423105900002
2.7270061764300004e-06,2.7270061764300004e-06,2.7270061764300004e-06,2.7270061764300004e-06,2.7270061764300004e-06,2.7270061764300004e-06,2.7270061764300004e-06,2.7270061764300004e-06,2.7270061764300004e-06,2.7270061764300004e-06,2.7270061764300004e-06,2.7270061764300004e-06,2.7270061764300004e-06,2.7270061764300004e-06,2.7270061764300004e-06,2.7270061764300004e-06,2.7270061764300004e-06,2.7270061764300004e-06,2.7270061764300004e-06,2.7270061764300004e-06,2.7270061764300004e-06,2.7270061764300004e-06,2.7270061764300004e-06,2.7270061764300004e-06,2.7270061764300004e-06,2.7270061764300004e-06,2.7270061764300004e-06,2.7270061764300004e-06,2.7270061764300004e-06,2.7270061764300004e-06,2.7270061764300004e-06,2.7270061764300004e-06,2.7270061764300004e-06,2.72677880275e-06,2.72416400549e-06,2.70233613264e-06,2.56136445387e-06,1.82978965313e-06,-1.2809096006099999e-06,-1.2349687494900002e-05,-4.5934029913e-05,-0.000134301785693,-0.00033903279472700004,-0.000762432250667,-0.00155373685118,-0.0017709930832900001,-0.00178203921131,-0.00179824686697,-0.00182056474785,-0.00184961090355,-0.0018856159727
3.07522896037e-06,3.07522896037e-06,3.07522896037e-06,3.07522896037e-06,3.07522896037e-06,3.07522896037e-06,3.07522896037e-06,3.07522896037e-06,3.07522896037e-06,3.07522896037e-06,3.07522896037e-06,3.07522896037e-06,3.07522896037e-06,3.07522896037e-06,3.07522896037e-06,3.07522896037e-06,3.07522896037e-06,3.07522896037e-06,3.07522896037e-06,3.07522896037e-06,3.07522896037e-06,3.07522896037e-06,3.07522896037e-06,3.07522896037e-06,3.07522896037e-06,3.07522896037e-06,3.07522896037e-06,3.07522896037e-06,3.07522896037e-06,3.07522896037e-06,3.07522896037e-06,3.07522896037e-06,3.07522896037e-06,3.07500158669e-06,3.0727278499400003e-06,3.0545379559e-06,2.9351667763e-06,2.30852492678e-06,-3.8312464312199997e-07,-1.0055600796499999e-05,-3.96778432332e-05,-0.000118315028885,-0.000302050239043,-0.0006851067837489999,-0.00140654509551,-0.00223724963178,-0.00224747079614,-0.0022625692181999996,-0.00228349458098,-0.0023108978837199996,-0.0023450703849900003
3.18300408253e-06,3.18300408253e-06,3.18300408253e-06,3.18300408253e-06,3.18300408253e-06,3.18300408253e-06,3.18300408253e-06,3.18300408253e-06,3.18300408253e-06,3.18300408253e-06,3.18300408253e-06,3.18300408253e-06,3.18300408253e-06,3.18300408253e-06,3.18300408253e-06,3.18300408253e-06,3.18300408253e-06,3.18300408253e-06,3.18300408253e-06,3.18300408253e-06,3.18300408253e-06,3.18300408253e-06,3.18300408253e-06,3.18300408253e-06,3.18300408253e-06,3.18300408253e-06,3.18300408253e-06,3.18300408253e-06,3.18300408253e-06,3.18300408253e-06,3.18300408253e-06,3.18300408253e-06,3.18300408253e-06,3.1827767088499997e-06,3.18095771945e-06,3.16526893585e-06,3.06204128719e-06,2.5152075977500002e-06,1.4506440493299998e-07,-8.445113053310001e-06,-3.49675701727e-05,-0.00010592202670500001,-0.000272933448286,-0.0006235748060129999,-0.0012884020179600001,-0.00243944427325,-0.00279297262562,-0.00280715350698,-0.0028269176191,-0.00285294031244,-0.00288556038441
2.84080670099e-06,2.84080670099e-06,2.84080670099e-06,2.84080670099e-06,2.84080670099e-06,2.84080670099e-06,2.84080670099e-06,2.84080670099e-06,2.84080670099e-06,2.84080670099e-06,2.84080670099e-06,2.84080670099e-06,2.84080670099e-06,2.84080670099e-06,2.84080670099e-06,2.84080670099e-06,2.84080670099e-06,2.84080670099e-06,2.84080670099e-06,2.84080670099e-06,2.84080670099e-06,2.84080670099e-06,2.84080670099e-06,2.84080670099e-06,2.84080670099e-06,2.84080670099e-06,2.84080670099e-06,2.84080670099e-06,2.84080670099e-06,2.84080670099e-06,2.84080670099e-06,2.84080670099e-06,2.84080670099e-06,2.84080670099e-06,2.8392150852600004e-06,2.82557266473e-06,2.73439582088e-06,2.24872565013e-06,1.2664713722199998e-07,-7.62042873248e-06,-3.1707031666900005e-05,-9.65762865235e-05,-0.00025023473426699996,-0.0005747974682890001,-0.0011937374893,-0.002271246899,-0.00336146201851,-0.00337488786251,-0.00339369020352,-0.0034185614055100002,-0.0034498768855
1.95041138795e-06,1.95041138795e-06,1.95041138795e-06,1.95041138795e-06,1.95041138795e-06,1.95041138795e-06,1.95041138795e-06,1.95041138795e-06,1.95041138795e-06,1.95041138795e-06,1.95041138795e-06,1.95041138795e-06,1.95041138795e-06,1.95041138795e-06,1.95041138795e-06,1.95041138795e-06,1.95041138795e-06,1.95041138795e-06,1.95041138795e-06,1.95041138795e-06,1.95041138795e-06,1.95041138795e-06,1.95041138795e-06,1.95041138795e-06,1.95041138795e-06,1.95041138795e-06,1.95041138795e-06,1.95041138795e-06,1.95041138795e-06,1.95041138795e-06,1.95041138795e-06,1.95041138795e-06,1.95041138795e-06,1.95041138795e-06,1.9490471458999997e-06,1.93676896743e-06,1.85536919162e-06,1.41653799801e-06,-5.12500264449e-07,-7.5992829806599995e-06,-2.9764123610200002e-05,-8.97969130165e-05,-0.00023276606953,-0.000536308562005,-0.00111800363811,-0.00213542273286,-0.00377589169887,-0.00385427399507,-0.00387228584486,-0.0038962050332700003,-0.00392643590175
8.835741027720001e-07,8.835741027720001e-07,8.835741027720001e-07,8.835741027720001e-07,8.835741027720001e-07,8.835741027720001e-07,8.835741027720001e-07,8.835741027720001e-07,8.835741027720001e-07,8.835741027720001e-07,8.835741027720001e-07,8.835741027720001e-07,8.835741027720001e-07,8.835741027720001e-07,8.835741027720001e-07,8.835741027720001e-07,8.835741027720001e-07,8.835741027720001e-07,8.835741027720001e-07,8.835741027720001e-07,8.835741027720001e-07,8.835741027720001e-07,8.835741027720001e-07,8.835741027720001e-07,8.835741027720001e-07,8.835741027720001e-07,8.835741027720001e-07,8.835741027720001e-07,8.835741027720001e-07,8.835741027720001e-07,8.835741027720001e-07,8.835741027720001e-07,8.835741027720001e-07,8.835741027720001e-07,8.8220986072e-07,8.712959242979999e-07,7.96717358753e-07,3.9472070056899997e-07,-1.38379618875e-06,-7.950347935549999e-06,-2.85917849396e-05,-8.47639967105e-05,-0.000219145931624,-0.000505687921759,-0.00105706180875,-0.00202523392545,-0.00359215755452,-0.004137647775519999,-0.00415501578743,-0.004178156036260001,-0.004207494967549999
2.37378117163e-07,2.37378117163e-07,2.37378117163e-07,2.37378117163e-07,2.37378117163e-07,2.37378117163e-07,2.37378117163e-07,2.37378117163e-07,2.37378117163e-07,2.37378117163e-07,2.37378117163e-07,2.37378117163e-07,2.37378117163e-07,2.37378117163e-07,2.37378117163e-07,2.37378117163e-07,2.37378117163e-07,2.37378117163e-07,2.37378117163e-07,2.37378117163e-07,2.37378117163e-07,2.37378117163e-07,2.37378117163e-07,2.37378117163e-07,2.37378117163e-07,2.37378117163e-07,2.37378117163e-07,2.37378117163e-07,2.37378117163e-07,2.37378117163e-07,2.37378117163e-07,2.37378117163e-07,2.37378117163e-07,2.36923369812e-07,2.3601387511000002e-07,2.2600943339100002e-07,1.56887836056e-07,-2.1645973902200001e-07,-1.8762875697599997e-06,-8.03220245871e-06,-2.74617377727e-05,-8.0543486547e-05,-0.000208006440516,-0.000480763674204,-0.0010073958947,-0.0019351107312100002,-0.00344122491924,-0.0042358730585300005,-0.00425272240179,-0.00427523260171,-0.00430384783101
4.9112713895699995e-08,4.9112713895699995e-08,4.9112713895699995e-08,4.9112713895699995e-08,4.9112713895699995e-08,4.9112713895699995e-08,4.9112713895699995e-08,4.9112713895699995e-08,4.9112713895699995e-08,4.9112713895699995e-08,4.9112713895699995e-08,4.9112713895699995e-08,4.9112713895699995e-08,4.9112713895699995e-08,4.9112713895699995e-08,4.9112713895699995e-08,4.9112713895699995e-08,4.9112713895699995e-08,4.9112713895699995e-08,4.9112713895699995e-08,4.9112713895699995e-08,4.9112713895699995e-08,4.9112713895699995e-08,4.9112713895699995e-08,4.9112713895699995e-08,4.9112713895699995e-08,4.9112713895699995e-08,4.9112713895699995e-08,4.9112713895699995e-08,4.9112713895699995e-08,4.9112713895699995e-08,4.9112713895699995e-08,4.9112713895699995e-08,4.9112713895699995e-08,4.8203219194000004e-08,3.86535248253e-08,-2.59205990005e-08,-3.77440301236e-07,-1.94449967239e-06,-7.77799868956e-06,-2.62507455773e-05,-7.68800418882e-05,-0.00019882372726,-0.000460521732748,-0.0009671962288850001,-0.00186210195352,-0.00331858990421,-0.0042535255437799995,-0.004269962404989999,-0.0042919699616599995,-0.004320005466240001
1.00044417195e-08,1.00044417195e-08,1.00044417195e-08,1.00044417195e-08,1.00044417195e-08,1.00044417195e-08,1.00044417195e-08,1.00044417195e-08,1.00044417195e-08,1.00044417195e-08,1.00044417195e-08,1.00044417195e-08,1.00044417195e-08,1.00044417195e-08,1.00044417195e-08,1.00044417195e-08,1.00044417195e-08,1.00044417195e-08,1.00044417195e-08,1.00044417195e-08,1.00044417195e-08,1.00044417195e-08,1.00044417195e-08,1.00044417195e-08,1.00044417195e-08,1.00044417195e-08,1.00044417195e-08,1.00044417195e-08,1.00044417195e-08,1.00044417195e-08,1.00044417195e-08,1.00044417195e-08,1.00044417195e-08,9.54969436862e-09,8.640199666840001e-09,-4.5474735088599997e-10,-6.13908923697e-08,-3.9608494262200003e-07,-1.89356796909e-06,-7.48104866943e-06,-2.5223926059e-05,-7.39755705581e-05,-0.000191679646377,-0.00044486182559900004,-0.000936121068662,-0.0018056166482,-0.00322357016103,-0.00425519322711,-0.00427130705027,-0.00429291994308,-0.00432049900212
0.0,0.0,0.0,0.0,0.0,0.0,0.0,0.0,0.0,0.0,0.0,0.0,0.0,0.0,0.0,0.0,0.0,0.0,0.0,0.0,0.0,0.0,0.0,0.0,0.0,0.0,0.0,0.0,0.0,0.0,0.0,0.0,0.0,0.0,-1.36424205266e-09,-9.54969436862e-09,-6.86668499839e-08,-3.91082721762e-07,-1.83717929758e-06,-7.24594428902e-06,-2.44563125307e-05,-7.18368937669e-05,-0.000186448232853,-0.000433418790635,-0.000913443273021,-0.00176444586941,-0.00315439228871,-0.00425520553993,-0.0042710709085,-0.004292379564670001,-0.00431960594938
0.0,0.0,0.0,0.0,0.0,0.0,0.0,0.0,0.0,0.0,0.0,0.0,0.0,0.0,0.0,0.0,0.0,0.0,0.0,0.0,0.0,0.0,0.0,0.0,0.0,0.0,0.0,0.0,0.0,0.0,0.0,0.0,0.0,0.0,-9.094947017729999e-10,-9.09494701773e-09,-6.63931132294e-08,-3.80168785341e-07,-1.78943082574e-06,-7.070411811580001e-06,-2.38992470258e-05,-7.03007572156e-05,-0.000182702024176,-0.000425244252256,-0.0008972720024759999,-0.0017351308088100002,-0.00310524387714,-0.004254810206379999,-0.0042704884482,-0.00429156763104,-0.00431852711813
0.0,0.0,0.0,0.0,0.0,0.0,0.0,0.0,0.0,0.0,0.0,0.0,0.0,0.0,0.0,0.0,0.0,0.0,0.0,0.0,0.0,0.0,0.0,0.0,0.0,0.0,0.0,0.0,0.0,0.0,0.0,0.0,0.0,0.0,-9.094947017729999e-10,-9.09494701773e-09,-6.50288711768e-08,-3.72438080376e-07,-1.75577952177e-06,-6.94444679539e-06,-2.34999788518e-05,-6.91979948897e-05,-0.000180013557838,-0.000419372554461,-0.0008856575277600001,-0.00171407759808,-0.00306995048049,-0.004254518348729999,-0.00427005915782,-0.00429096965959,-0.00431773369058
0.0,0.0,0.0,0.0,0.0,0.0,0.0,0.0,0.0,0.0,0.0,0.0,0.0,0.0,0.0,0.0,0.0,0.0,0.0,0.0,0.0,0.0,0.0,0.0,0.0,0.0,0.0,0.0,0.0,0.0,0.0,0.0,0.0,0.0,-9.094947017729999e-10,-8.640199666840001e-09,-6.36646291241e-08,-3.6698111216500004e-07,-1.73167791218e-06,-6.8557710619600005e-06,-2.32175807469e-05,-6.84167389409e-05,-0.00017810634744799998,-0.000415207068727,-0.000877408865563,-0.0016991184566000001,-0.00304484365188,-0.004254310630449999,-0.00426975339884,-0.00429054320961,-0.00431716694038
1.00044417195e-08,1.00044417195e-08,1.00044417195e-08,1.00044417195e-08,1.00044417195e-08,1.00044417195e-08,1.00044417195e-08,1.00044417195e-08,1.00044417195e-08,1.00044417195e-08,1.00044417195e-08,1.00044417195e-08,1.00044417195e-08,1.00044417195e-08,1.00044417195e-08,1.00044417195e-08,1.00044417195e-08,1.00044417195e-08,1.00044417195e-08,1.00044417195e-08,1.00044417195e-08,1.00044417195e-08,1.00044417195e-08,1.00044417195e-08,1.00044417195e-08,1.00044417195e-08,1.00044417195e-08,1.00044417195e-08,1.00044417195e-08,1.00044417195e-08,1.00044417195e-08,1.00044417195e-08,1.00044417195e-08,1.00044417195e-08,9.09494701773e-09,9.094947017729999e-10,-5.3205440053699997e-08,-3.5379343899e-07,-1.70530256582e-06,-6.78392098052e-06,-2.30097612075e-05,-6.7859673436e-05,-0.00017675802155299998,-0.00041226485336699997,-0.000871579686645,-0.00168853421201,-0.00363692138083,-0.00421903383074,-0.0042344089124000004,-0.00425511554525,-0.00428164213417
0.0,0.0,0.0,0.0,0.0,0.0,0.0,0.0,0.0,0.0,0.0,0.0,0.0,0.0,0.0,0.0,0.0,0.0,0.0,0.0,0.0,0.0,0.0,0.0,0.0,0.0,0.0,0.0,0.0,0.0,0.0,0.0,0.0,0.0,-9.094947017729999e-10,-8.867573342290001e-09,-6.27551344223e-08,-3.60159901902e-07,-1.69939085026e-06,-6.7336713982499995e-06,-2.2824906409399997e-05,-6.73176145938e-05,-0.000175387185664,-0.00040918007471199997,-0.000865298261488,-0.0016768117348,-0.00366773677274,-0.00367847696436,-0.0036938071001900003,-0.0037144584013,-0.0037409207038800003
9.77706804406e-09,9.77706804406e-09,9.77706804406e-09,9.77706804406e-09,9.77706804406e-09,9.77706804406e-09,9.77706804406e-09,9.77706804406e-09,9.77706804406e-09,9.77706804406e-09,9.77706804406e-09,9.77706804406e-09,9.77706804406e-09,9.77706804406e-09,9.77706804406e-09,9.77706804406e-09,9.77706804406e-09,9.77706804406e-09,9.77706804406e-09,9.77706804406e-09,9.77706804406e-09,9.77706804406e-09,9.77706804406e-09,9.77706804406e-09,9.77706804406e-09,9.77706804406e-09,9.77706804406e-09,9.77706804406e-09,9.77706804406e-09,9.77706804406e-09,9.77706804406e-09,9.77706804406e-09,9.77706804406e-09,9.54969436862e-09,8.867573342290001e-09,1.1368683772199999e-09,-5.20685716765e-08,-3.4560798667400003e-07,-1.6677859093800001e-06,-6.63885657559e-06,-2.25318217417e-05,-6.64870185574e-05,-0.000173274656845,-0.000404342927141,-0.000855237544783,-0.00235517124356,-0.0026299910989,-0.00264070962341,-0.0026560111976399996,-0.00267662749209,-0.0027030488780599997
0.0,0.0,0.0,0.0,0.0,0.0,0.0,0.0,0.0,0.0,0.0,0.0,0.0,0.0,0.0,0.0,0.0,0.0,0.0,0.0,0.0,0.0,0.0,0.0,0.0,0.0,0.0,0.0,0.0,0.0,0.0,0.0,0.0,-1.1368683772200001e-10,-1.02318153949e-09,-8.52651282912e-09,-6.03677108302e-08,-3.46631168213e-07,-1.63640834216e-06,-6.48594777886e-06,-2.1993173504599998e-05,-6.48876721243e-05,-0.000169111558534,-0.000394662833969,-0.00112673386075,-0.0015231745453299999,-0.0015302002802600001,-0.0015409057319,-0.0015561902060300002,-0.0015767853689400001,-0.00160318222697
4.1090770887400004e-05,4.1090808801099995e-05,4.1090793231299996e-05,4.10908039176e-05,4.10907934156e-05,4.1090787804900005e-05,4.1090779750299995e-05,4.1090788338599994e-05,4.10907857251e-05,4.1090782170199995e-05,4.10908113406e-05,4.1090809426900005e-05,4.10907840968e-05,4.10907910257e-05,4.10908085868e-05,4.10907817594e-05,4.10908086031e-05,4.10907850834e-05,4.1090788813e-05,4.10907665623e-05,4.10908055289e-05,4.10908014862e-05,4.10907923735e-05,4.10907949229e-05,4.10908048831e-05,4.10907908947e-05,4.1090768627699995e-05,4.1090777506100004e-05,4.1090773162600005e-05,4.10907792251e-05,4.10907823378e-05,4.10907830795e-05,4.10907726955e-05,4.10907194681e-05,4.10899948822e-05,4.10835268842e-05,4.10390235809e-05,4.07934610258e-05,3.96869096849e-05,3.5525692768300004e-05,2.22178451396e-05,-1.45967160914e-05,-0.0001040575982,-0.00029767831002100003,-0.00042732668402700003,-0.000431607521903,-0.00043862602229599996,-0.00044932126785500004,-0.0004645924006,-0.00048517117948999996,-0.000511548965299
